target,location,target_end_date,horizon,output_type,output_type_id,value,origin_date
ARI incidence,BE,2024-10-20,1,quantile,0.01,982.480753933749,2024-10-23
ARI incidence,BE,2024-10-27,2,quantile,0.01,1044.4687117505423,2024-10-23
ARI incidence,BE,2024-11-03,3,quantile,0.01,266.217663515958,2024-10-23
ARI incidence,BE,2024-11-10,4,quantile,0.01,761.2789472530045,2024-10-23
ARI incidence,BE,2024-10-20,1,quantile,0.025,1016.9396096137104,2024-10-23
ARI incidence,BE,2024-10-27,2,quantile,0.025,1047.6820866922799,2024-10-23
ARI incidence,BE,2024-11-03,3,quantile,0.025,899.5578352929708,2024-10-23
ARI incidence,BE,2024-11-10,4,quantile,0.025,833.5059712670972,2024-10-23
ARI incidence,BE,2024-10-20,1,quantile,0.05,1040.0237626695857,2024-10-23
ARI incidence,BE,2024-10-27,2,quantile,0.05,1087.7678529003576,2024-10-23
ARI incidence,BE,2024-11-03,3,quantile,0.05,998.5051140455114,2024-10-23
ARI incidence,BE,2024-11-10,4,quantile,0.05,943.52600587211,2024-10-23
ARI incidence,BE,2024-10-20,1,quantile,0.1,1147.703500426345,2024-10-23
ARI incidence,BE,2024-10-27,2,quantile,0.1,1107.8610849849958,2024-10-23
ARI incidence,BE,2024-11-03,3,quantile,0.1,1009.9860131268249,2024-10-23
ARI incidence,BE,2024-11-10,4,quantile,0.1,960.9661538590404,2024-10-23
ARI incidence,BE,2024-10-20,1,quantile,0.15,1178.3574488459292,2024-10-23
ARI incidence,BE,2024-10-27,2,quantile,0.15,1120.322975947412,2024-10-23
ARI incidence,BE,2024-11-03,3,quantile,0.15,1038.837049504033,2024-10-23
ARI incidence,BE,2024-11-10,4,quantile,0.15,993.8986741478809,2024-10-23
ARI incidence,BE,2024-10-20,1,quantile,0.2,1202.533959107863,2024-10-23
ARI incidence,BE,2024-10-27,2,quantile,0.2,1175.9671081415431,2024-10-23
ARI incidence,BE,2024-11-03,3,quantile,0.2,1061.6981707738096,2024-10-23
ARI incidence,BE,2024-11-10,4,quantile,0.2,1028.0286419506087,2024-10-23
ARI incidence,BE,2024-10-20,1,quantile,0.25,1225.2203564125195,2024-10-23
ARI incidence,BE,2024-10-27,2,quantile,0.25,1192.5359279527854,2024-10-23
ARI incidence,BE,2024-11-03,3,quantile,0.25,1069.067308105392,2024-10-23
ARI incidence,BE,2024-11-10,4,quantile,0.25,1038.323772139063,2024-10-23
ARI incidence,BE,2024-10-20,1,quantile,0.3,1248.668489267586,2024-10-23
ARI incidence,BE,2024-10-27,2,quantile,0.3,1205.0575924458503,2024-10-23
ARI incidence,BE,2024-11-03,3,quantile,0.3,1075.6433027193848,2024-10-23
ARI incidence,BE,2024-11-10,4,quantile,0.3,1040.3513567144798,2024-10-23
ARI incidence,BE,2024-10-20,1,quantile,0.35,1256.4994255122529,2024-10-23
ARI incidence,BE,2024-10-27,2,quantile,0.35,1218.3194437889904,2024-10-23
ARI incidence,BE,2024-11-03,3,quantile,0.35,1091.6133897871835,2024-10-23
ARI incidence,BE,2024-11-10,4,quantile,0.35,1041.9774566682681,2024-10-23
ARI incidence,BE,2024-10-20,1,quantile,0.4,1264.4329509138013,2024-10-23
ARI incidence,BE,2024-10-27,2,quantile,0.4,1246.3439878354511,2024-10-23
ARI incidence,BE,2024-11-03,3,quantile,0.4,1129.146253659353,2024-10-23
ARI incidence,BE,2024-11-10,4,quantile,0.4,1045.0674955993916,2024-10-23
ARI incidence,BE,2024-10-20,1,quantile,0.45,1272.152205988935,2024-10-23
ARI incidence,BE,2024-10-27,2,quantile,0.45,1251.8327446698831,2024-10-23
ARI incidence,BE,2024-11-03,3,quantile,0.45,1152.1793311479682,2024-10-23
ARI incidence,BE,2024-11-10,4,quantile,0.45,1051.728753911819,2024-10-23
ARI incidence,BE,2024-10-20,1,median,0.5,1279.1941741353116,2024-10-23
ARI incidence,BE,2024-10-27,2,median,0.5,1257.6228253498161,2024-10-23
ARI incidence,BE,2024-11-03,3,median,0.5,1174.223553907179,2024-10-23
ARI incidence,BE,2024-11-10,4,median,0.5,1056.238669658525,2024-10-23
ARI incidence,BE,2024-10-20,1,quantile,0.55,1285.137845295221,2024-10-23
ARI incidence,BE,2024-10-27,2,quantile,0.55,1274.660081074092,2024-10-23
ARI incidence,BE,2024-11-03,3,quantile,0.55,1181.5992293893994,2024-10-23
ARI incidence,BE,2024-11-10,4,quantile,0.55,1069.1408015572222,2024-10-23
ARI incidence,BE,2024-10-20,1,quantile,0.6,1292.1610534407203,2024-10-23
ARI incidence,BE,2024-10-27,2,quantile,0.6,1300.4684142398658,2024-10-23
ARI incidence,BE,2024-11-03,3,quantile,0.6,1185.7614945012072,2024-10-23
ARI incidence,BE,2024-11-10,4,quantile,0.6,1074.1557143368598,2024-10-23
ARI incidence,BE,2024-10-20,1,quantile,0.65,1298.7265448827557,2024-10-23
ARI incidence,BE,2024-10-27,2,quantile,0.65,1315.162821832146,2024-10-23
ARI incidence,BE,2024-11-03,3,quantile,0.65,1196.636214579391,2024-10-23
ARI incidence,BE,2024-11-10,4,quantile,0.65,1099.1384151509635,2024-10-23
ARI incidence,BE,2024-10-20,1,quantile,0.7,1301.6933644234318,2024-10-23
ARI incidence,BE,2024-10-27,2,quantile,0.7,1324.887399482417,2024-10-23
ARI incidence,BE,2024-11-03,3,quantile,0.7,1213.679275636553,2024-10-23
ARI incidence,BE,2024-11-10,4,quantile,0.7,1113.0853834852187,2024-10-23
ARI incidence,BE,2024-10-20,1,quantile,0.75,1327.578517899376,2024-10-23
ARI incidence,BE,2024-10-27,2,quantile,0.75,1335.5540810917316,2024-10-23
ARI incidence,BE,2024-11-03,3,quantile,0.75,1235.364569208145,2024-10-23
ARI incidence,BE,2024-11-10,4,quantile,0.75,1126.1015747688666,2024-10-23
ARI incidence,BE,2024-10-20,1,quantile,0.8,1339.7444396764738,2024-10-23
ARI incidence,BE,2024-10-27,2,quantile,0.8,1336.7244167918088,2024-10-23
ARI incidence,BE,2024-11-03,3,quantile,0.8,1261.59996654598,2024-10-23
ARI incidence,BE,2024-11-10,4,quantile,0.8,1148.0798152254624,2024-10-23
ARI incidence,BE,2024-10-20,1,quantile,0.85,1421.5983315686638,2024-10-23
ARI incidence,BE,2024-10-27,2,quantile,0.85,1337.0597661163272,2024-10-23
ARI incidence,BE,2024-11-03,3,quantile,0.85,1265.6545088656849,2024-10-23
ARI incidence,BE,2024-11-10,4,quantile,0.85,1229.932123605919,2024-10-23
ARI incidence,BE,2024-10-20,1,quantile,0.9,1553.709401521853,2024-10-23
ARI incidence,BE,2024-10-27,2,quantile,0.9,1377.4453325761488,2024-10-23
ARI incidence,BE,2024-11-03,3,quantile,0.9,1303.7182054320433,2024-10-23
ARI incidence,BE,2024-11-10,4,quantile,0.9,1255.8782668281458,2024-10-23
ARI incidence,BE,2024-10-20,1,quantile,0.95,1621.9291646299926,2024-10-23
ARI incidence,BE,2024-10-27,2,quantile,0.95,1390.1410078151202,2024-10-23
ARI incidence,BE,2024-11-03,3,quantile,0.95,1406.4767303602798,2024-10-23
ARI incidence,BE,2024-11-10,4,quantile,0.95,1284.2494058518962,2024-10-23
ARI incidence,BE,2024-10-20,1,quantile,0.975,1964.8122475232817,2024-10-23
ARI incidence,BE,2024-10-27,2,quantile,0.975,1444.8823541268264,2024-10-23
ARI incidence,BE,2024-11-03,3,quantile,0.975,1487.8673275265028,2024-10-23
ARI incidence,BE,2024-11-10,4,quantile,0.975,1304.818281686764,2024-10-23
ARI incidence,BE,2024-10-20,1,quantile,0.99,2418.5726284185484,2024-10-23
ARI incidence,BE,2024-10-27,2,quantile,0.99,1464.5074936505637,2024-10-23
ARI incidence,BE,2024-11-03,3,quantile,0.99,1548.265950669374,2024-10-23
ARI incidence,BE,2024-11-10,4,quantile,0.99,1314.0158428678585,2024-10-23
ARI incidence,BG,2024-10-20,1,quantile,0.01,439.94994573793974,2024-10-23
ARI incidence,BG,2024-10-27,2,quantile,0.01,337.6081860650061,2024-10-23
ARI incidence,BG,2024-11-03,3,quantile,0.01,385.7092763954855,2024-10-23
ARI incidence,BG,2024-11-10,4,quantile,0.01,463.7607344127963,2024-10-23
ARI incidence,BG,2024-10-20,1,quantile,0.025,465.4388100458627,2024-10-23
ARI incidence,BG,2024-10-27,2,quantile,0.025,442.09078532290573,2024-10-23
ARI incidence,BG,2024-11-03,3,quantile,0.025,417.17544205810316,2024-10-23
ARI incidence,BG,2024-11-10,4,quantile,0.025,526.2272241077915,2024-10-23
ARI incidence,BG,2024-10-20,1,quantile,0.05,560.0465247014179,2024-10-23
ARI incidence,BG,2024-10-27,2,quantile,0.05,448.3430829242915,2024-10-23
ARI incidence,BG,2024-11-03,3,quantile,0.05,451.598649663066,2024-10-23
ARI incidence,BG,2024-11-10,4,quantile,0.05,611.0734490803914,2024-10-23
ARI incidence,BG,2024-10-20,1,quantile,0.1,576.4356025216317,2024-10-23
ARI incidence,BG,2024-10-27,2,quantile,0.1,455.25006940539424,2024-10-23
ARI incidence,BG,2024-11-03,3,quantile,0.1,484.7048156206662,2024-10-23
ARI incidence,BG,2024-11-10,4,quantile,0.1,688.3392326502296,2024-10-23
ARI incidence,BG,2024-10-20,1,quantile,0.15,646.629369105153,2024-10-23
ARI incidence,BG,2024-10-27,2,quantile,0.15,499.31914346987475,2024-10-23
ARI incidence,BG,2024-11-03,3,quantile,0.15,522.1635256312594,2024-10-23
ARI incidence,BG,2024-11-10,4,quantile,0.15,839.7980725394251,2024-10-23
ARI incidence,BG,2024-10-20,1,quantile,0.2,674.5375576303384,2024-10-23
ARI incidence,BG,2024-10-27,2,quantile,0.2,506.15902471594234,2024-10-23
ARI incidence,BG,2024-11-03,3,quantile,0.2,558.9720073513489,2024-10-23
ARI incidence,BG,2024-11-10,4,quantile,0.2,845.4427492973762,2024-10-23
ARI incidence,BG,2024-10-20,1,quantile,0.25,678.2969494518366,2024-10-23
ARI incidence,BG,2024-10-27,2,quantile,0.25,539.5302521548817,2024-10-23
ARI incidence,BG,2024-11-03,3,quantile,0.25,574.1265932676786,2024-10-23
ARI incidence,BG,2024-11-10,4,quantile,0.25,929.6070376567775,2024-10-23
ARI incidence,BG,2024-10-20,1,quantile,0.3,682.8272006727444,2024-10-23
ARI incidence,BG,2024-10-27,2,quantile,0.3,562.9360548180383,2024-10-23
ARI incidence,BG,2024-11-03,3,quantile,0.3,581.8449156493775,2024-10-23
ARI incidence,BG,2024-11-10,4,quantile,0.3,933.6217664607017,2024-10-23
ARI incidence,BG,2024-10-20,1,quantile,0.35,687.4382107304765,2024-10-23
ARI incidence,BG,2024-10-27,2,quantile,0.35,569.2886846351141,2024-10-23
ARI incidence,BG,2024-11-03,3,quantile,0.35,596.5210637215825,2024-10-23
ARI incidence,BG,2024-11-10,4,quantile,0.35,944.465556498662,2024-10-23
ARI incidence,BG,2024-10-20,1,quantile,0.4,695.0147731941017,2024-10-23
ARI incidence,BG,2024-10-27,2,quantile,0.4,578.25089183654,2024-10-23
ARI incidence,BG,2024-11-03,3,quantile,0.4,612.9259211140475,2024-10-23
ARI incidence,BG,2024-11-10,4,quantile,0.4,956.0424739086678,2024-10-23
ARI incidence,BG,2024-10-20,1,quantile,0.45,699.8221750438104,2024-10-23
ARI incidence,BG,2024-10-27,2,quantile,0.45,602.6815609635944,2024-10-23
ARI incidence,BG,2024-11-03,3,quantile,0.45,634.1442983831728,2024-10-23
ARI incidence,BG,2024-11-10,4,quantile,0.45,970.7437420693819,2024-10-23
ARI incidence,BG,2024-10-20,1,median,0.5,705.0178810552925,2024-10-23
ARI incidence,BG,2024-10-27,2,median,0.5,608.4354514466384,2024-10-23
ARI incidence,BG,2024-11-03,3,median,0.5,657.2759046722799,2024-10-23
ARI incidence,BG,2024-11-10,4,median,0.5,991.6185389351936,2024-10-23
ARI incidence,BG,2024-10-20,1,quantile,0.55,710.3577361845694,2024-10-23
ARI incidence,BG,2024-10-27,2,quantile,0.55,612.9951174896408,2024-10-23
ARI incidence,BG,2024-11-03,3,quantile,0.55,665.9024609045304,2024-10-23
ARI incidence,BG,2024-11-10,4,quantile,0.55,995.6748668158596,2024-10-23
ARI incidence,BG,2024-10-20,1,quantile,0.6,716.2506458619157,2024-10-23
ARI incidence,BG,2024-10-27,2,quantile,0.6,614.8457788222521,2024-10-23
ARI incidence,BG,2024-11-03,3,quantile,0.6,675.8844976596405,2024-10-23
ARI incidence,BG,2024-11-10,4,quantile,0.6,1000.6887847583135,2024-10-23
ARI incidence,BG,2024-10-20,1,quantile,0.65,731.1552490001956,2024-10-23
ARI incidence,BG,2024-10-27,2,quantile,0.65,629.0254756892924,2024-10-23
ARI incidence,BG,2024-11-03,3,quantile,0.65,711.8852960851028,2024-10-23
ARI incidence,BG,2024-11-10,4,quantile,0.65,1008.9793423085796,2024-10-23
ARI incidence,BG,2024-10-20,1,quantile,0.7,740.3875256069383,2024-10-23
ARI incidence,BG,2024-10-27,2,quantile,0.7,656.809497359938,2024-10-23
ARI incidence,BG,2024-11-03,3,quantile,0.7,727.6619547587853,2024-10-23
ARI incidence,BG,2024-11-10,4,quantile,0.7,1020.3242683574584,2024-10-23
ARI incidence,BG,2024-10-20,1,quantile,0.75,747.1753836004559,2024-10-23
ARI incidence,BG,2024-10-27,2,quantile,0.75,687.4267873570835,2024-10-23
ARI incidence,BG,2024-11-03,3,quantile,0.75,738.6597623189671,2024-10-23
ARI incidence,BG,2024-11-10,4,quantile,0.75,1035.562109325488,2024-10-23
ARI incidence,BG,2024-10-20,1,quantile,0.8,750.7784544431834,2024-10-23
ARI incidence,BG,2024-10-27,2,quantile,0.8,702.4458004926441,2024-10-23
ARI incidence,BG,2024-11-03,3,quantile,0.8,748.9359485652873,2024-10-23
ARI incidence,BG,2024-11-10,4,quantile,0.8,1050.3957385126744,2024-10-23
ARI incidence,BG,2024-10-20,1,quantile,0.85,762.8528940499706,2024-10-23
ARI incidence,BG,2024-10-27,2,quantile,0.85,717.9503239663742,2024-10-23
ARI incidence,BG,2024-11-03,3,quantile,0.85,791.0393471038145,2024-10-23
ARI incidence,BG,2024-11-10,4,quantile,0.85,1086.7788702066243,2024-10-23
ARI incidence,BG,2024-10-20,1,quantile,0.9,767.4755140947859,2024-10-23
ARI incidence,BG,2024-10-27,2,quantile,0.9,740.7265038007442,2024-10-23
ARI incidence,BG,2024-11-03,3,quantile,0.9,838.9213240295247,2024-10-23
ARI incidence,BG,2024-11-10,4,quantile,0.9,1137.8903465313995,2024-10-23
ARI incidence,BG,2024-10-20,1,quantile,0.95,768.7998538214239,2024-10-23
ARI incidence,BG,2024-10-27,2,quantile,0.95,842.9396818992502,2024-10-23
ARI incidence,BG,2024-11-03,3,quantile,0.95,896.4082401983634,2024-10-23
ARI incidence,BG,2024-11-10,4,quantile,0.95,1190.0436625293673,2024-10-23
ARI incidence,BG,2024-10-20,1,quantile,0.975,793.2154673605079,2024-10-23
ARI incidence,BG,2024-10-27,2,quantile,0.975,881.2484428065353,2024-10-23
ARI incidence,BG,2024-11-03,3,quantile,0.975,932.179744462231,2024-10-23
ARI incidence,BG,2024-11-10,4,quantile,0.975,1222.0239188379694,2024-10-23
ARI incidence,BG,2024-10-20,1,quantile,0.99,978.8835494523776,2024-10-23
ARI incidence,BG,2024-10-27,2,quantile,0.99,907.3144865806177,2024-10-23
ARI incidence,BG,2024-11-03,3,quantile,0.99,1003.2202029207342,2024-10-23
ARI incidence,BG,2024-11-10,4,quantile,0.99,1388.6010029102554,2024-10-23
ARI incidence,CZ,2024-10-20,1,quantile,0.01,813.801215733376,2024-10-23
ARI incidence,CZ,2024-10-27,2,quantile,0.01,854.2457725094781,2024-10-23
ARI incidence,CZ,2024-11-03,3,quantile,0.01,922.0584610889041,2024-10-23
ARI incidence,CZ,2024-11-10,4,quantile,0.01,910.1345505955778,2024-10-23
ARI incidence,CZ,2024-10-20,1,quantile,0.025,826.1421748929114,2024-10-23
ARI incidence,CZ,2024-10-27,2,quantile,0.025,883.7954393650782,2024-10-23
ARI incidence,CZ,2024-11-03,3,quantile,0.025,944.4613412854579,2024-10-23
ARI incidence,CZ,2024-11-10,4,quantile,0.025,925.653447614618,2024-10-23
ARI incidence,CZ,2024-10-20,1,quantile,0.05,828.3157914766256,2024-10-23
ARI incidence,CZ,2024-10-27,2,quantile,0.05,918.0882397066209,2024-10-23
ARI incidence,CZ,2024-11-03,3,quantile,0.05,964.5737178651169,2024-10-23
ARI incidence,CZ,2024-11-10,4,quantile,0.05,977.0112236124039,2024-10-23
ARI incidence,CZ,2024-10-20,1,quantile,0.1,836.8330385342233,2024-10-23
ARI incidence,CZ,2024-10-27,2,quantile,0.1,930.37681763465,2024-10-23
ARI incidence,CZ,2024-11-03,3,quantile,0.1,977.6302880765113,2024-10-23
ARI incidence,CZ,2024-11-10,4,quantile,0.1,1061.3597337933709,2024-10-23
ARI incidence,CZ,2024-10-20,1,quantile,0.15,850.3008532872605,2024-10-23
ARI incidence,CZ,2024-10-27,2,quantile,0.15,936.1650373383414,2024-10-23
ARI incidence,CZ,2024-11-03,3,quantile,0.15,987.7153651707059,2024-10-23
ARI incidence,CZ,2024-11-10,4,quantile,0.15,1071.1329030129618,2024-10-23
ARI incidence,CZ,2024-10-20,1,quantile,0.2,876.4620014110257,2024-10-23
ARI incidence,CZ,2024-10-27,2,quantile,0.2,952.8955979854999,2024-10-23
ARI incidence,CZ,2024-11-03,3,quantile,0.2,996.3258136518855,2024-10-23
ARI incidence,CZ,2024-11-10,4,quantile,0.2,1091.9760671184647,2024-10-23
ARI incidence,CZ,2024-10-20,1,quantile,0.25,882.3212709602524,2024-10-23
ARI incidence,CZ,2024-10-27,2,quantile,0.25,977.7140327065491,2024-10-23
ARI incidence,CZ,2024-11-03,3,quantile,0.25,1006.044180000391,2024-10-23
ARI incidence,CZ,2024-11-10,4,quantile,0.25,1110.9755683534615,2024-10-23
ARI incidence,CZ,2024-10-20,1,quantile,0.3,885.0782735056448,2024-10-23
ARI incidence,CZ,2024-10-27,2,quantile,0.3,983.9080771446957,2024-10-23
ARI incidence,CZ,2024-11-03,3,quantile,0.3,1028.9170350568893,2024-10-23
ARI incidence,CZ,2024-11-10,4,quantile,0.3,1112.415657845715,2024-10-23
ARI incidence,CZ,2024-10-20,1,quantile,0.35,888.0323277530292,2024-10-23
ARI incidence,CZ,2024-10-27,2,quantile,0.35,990.3333123206191,2024-10-23
ARI incidence,CZ,2024-11-03,3,quantile,0.35,1037.9765644292402,2024-10-23
ARI incidence,CZ,2024-11-10,4,quantile,0.35,1113.1631596714649,2024-10-23
ARI incidence,CZ,2024-10-20,1,quantile,0.4,894.7321615364144,2024-10-23
ARI incidence,CZ,2024-10-27,2,quantile,0.4,997.1834819647032,2024-10-23
ARI incidence,CZ,2024-11-03,3,quantile,0.4,1047.2678515263688,2024-10-23
ARI incidence,CZ,2024-11-10,4,quantile,0.4,1113.6400582628323,2024-10-23
ARI incidence,CZ,2024-10-20,1,quantile,0.45,896.9528400788789,2024-10-23
ARI incidence,CZ,2024-10-27,2,quantile,0.45,1001.7379008710594,2024-10-23
ARI incidence,CZ,2024-11-03,3,quantile,0.45,1059.5966862120608,2024-10-23
ARI incidence,CZ,2024-11-10,4,quantile,0.45,1114.6262348579546,2024-10-23
ARI incidence,CZ,2024-10-20,1,median,0.5,905.353869904641,2024-10-23
ARI incidence,CZ,2024-10-27,2,median,0.5,1007.1955204307151,2024-10-23
ARI incidence,CZ,2024-11-03,3,median,0.5,1067.7784681841001,2024-10-23
ARI incidence,CZ,2024-11-10,4,median,0.5,1116.9110189084208,2024-10-23
ARI incidence,CZ,2024-10-20,1,quantile,0.55,912.8524532508291,2024-10-23
ARI incidence,CZ,2024-10-27,2,quantile,0.55,1011.6119917253859,2024-10-23
ARI incidence,CZ,2024-11-03,3,quantile,0.55,1069.1054572737492,2024-10-23
ARI incidence,CZ,2024-11-10,4,quantile,0.55,1119.719715221094,2024-10-23
ARI incidence,CZ,2024-10-20,1,quantile,0.6,917.5327219531462,2024-10-23
ARI incidence,CZ,2024-10-27,2,quantile,0.6,1019.8106380090368,2024-10-23
ARI incidence,CZ,2024-11-03,3,quantile,0.6,1073.1896107368661,2024-10-23
ARI incidence,CZ,2024-11-10,4,quantile,0.6,1126.6304130048193,2024-10-23
ARI incidence,CZ,2024-10-20,1,quantile,0.65,923.4475219089014,2024-10-23
ARI incidence,CZ,2024-10-27,2,quantile,0.65,1027.4632875217917,2024-10-23
ARI incidence,CZ,2024-11-03,3,quantile,0.65,1079.68095030536,2024-10-23
ARI incidence,CZ,2024-11-10,4,quantile,0.65,1133.8612171752882,2024-10-23
ARI incidence,CZ,2024-10-20,1,quantile,0.7,928.8799152535934,2024-10-23
ARI incidence,CZ,2024-10-27,2,quantile,0.7,1030.5284892160548,2024-10-23
ARI incidence,CZ,2024-11-03,3,quantile,0.7,1092.3914842349884,2024-10-23
ARI incidence,CZ,2024-11-10,4,quantile,0.7,1139.2765080926056,2024-10-23
ARI incidence,CZ,2024-10-20,1,quantile,0.75,933.7281506530262,2024-10-23
ARI incidence,CZ,2024-10-27,2,quantile,0.75,1050.2399117101506,2024-10-23
ARI incidence,CZ,2024-11-03,3,quantile,0.75,1100.891058050377,2024-10-23
ARI incidence,CZ,2024-11-10,4,quantile,0.75,1142.2725403925017,2024-10-23
ARI incidence,CZ,2024-10-20,1,quantile,0.8,936.4953074072979,2024-10-23
ARI incidence,CZ,2024-10-27,2,quantile,0.8,1058.47590332603,2024-10-23
ARI incidence,CZ,2024-11-03,3,quantile,0.8,1107.131881011385,2024-10-23
ARI incidence,CZ,2024-11-10,4,quantile,0.8,1148.0043644165014,2024-10-23
ARI incidence,CZ,2024-10-20,1,quantile,0.85,941.8615369159498,2024-10-23
ARI incidence,CZ,2024-10-27,2,quantile,0.85,1060.963006954093,2024-10-23
ARI incidence,CZ,2024-11-03,3,quantile,0.85,1121.7163671074375,2024-10-23
ARI incidence,CZ,2024-11-10,4,quantile,0.85,1160.0962691914272,2024-10-23
ARI incidence,CZ,2024-10-20,1,quantile,0.9,955.1935247422616,2024-10-23
ARI incidence,CZ,2024-10-27,2,quantile,0.9,1069.1037665242695,2024-10-23
ARI incidence,CZ,2024-11-03,3,quantile,0.9,1139.7319096900223,2024-10-23
ARI incidence,CZ,2024-11-10,4,quantile,0.9,1183.7327264514956,2024-10-23
ARI incidence,CZ,2024-10-20,1,quantile,0.95,1125.1805772274415,2024-10-23
ARI incidence,CZ,2024-10-27,2,quantile,0.95,1080.8222855399185,2024-10-23
ARI incidence,CZ,2024-11-03,3,quantile,0.95,1177.24053964545,2024-10-23
ARI incidence,CZ,2024-11-10,4,quantile,0.95,1224.2559124586103,2024-10-23
ARI incidence,CZ,2024-10-20,1,quantile,0.975,1155.8656131821147,2024-10-23
ARI incidence,CZ,2024-10-27,2,quantile,0.975,1091.0759483617385,2024-10-23
ARI incidence,CZ,2024-11-03,3,quantile,0.975,1180.3674404193519,2024-10-23
ARI incidence,CZ,2024-11-10,4,quantile,0.975,1243.5375322964628,2024-10-23
ARI incidence,CZ,2024-10-20,1,quantile,0.99,1183.6463505126062,2024-10-23
ARI incidence,CZ,2024-10-27,2,quantile,0.99,1106.1333844807348,2024-10-23
ARI incidence,CZ,2024-11-03,3,quantile,0.99,1193.968774634721,2024-10-23
ARI incidence,CZ,2024-11-10,4,quantile,0.99,1264.4112731575428,2024-10-23
ARI incidence,EE,2024-10-06,1,quantile,0.01,194.07093334048614,2024-10-09
ARI incidence,EE,2024-10-13,2,quantile,0.01,192.18937797731604,2024-10-09
ARI incidence,EE,2024-10-20,3,quantile,0.01,175.99621443257328,2024-10-09
ARI incidence,EE,2024-10-27,4,quantile,0.01,147.72110618080123,2024-10-09
ARI incidence,EE,2024-10-06,1,quantile,0.025,205.0042261767568,2024-10-09
ARI incidence,EE,2024-10-13,2,quantile,0.025,196.10618956614783,2024-10-09
ARI incidence,EE,2024-10-20,3,quantile,0.025,178.22188275421368,2024-10-09
ARI incidence,EE,2024-10-27,4,quantile,0.025,150.96970315716723,2024-10-09
ARI incidence,EE,2024-10-06,1,quantile,0.05,208.32901502554859,2024-10-09
ARI incidence,EE,2024-10-13,2,quantile,0.05,200.03570434678812,2024-10-09
ARI incidence,EE,2024-10-20,3,quantile,0.05,194.34159950573633,2024-10-09
ARI incidence,EE,2024-10-27,4,quantile,0.05,165.62750966853002,2024-10-09
ARI incidence,EE,2024-10-06,1,quantile,0.1,211.52520063934296,2024-10-09
ARI incidence,EE,2024-10-13,2,quantile,0.1,214.45241854776324,2024-10-09
ARI incidence,EE,2024-10-20,3,quantile,0.1,208.09167205723656,2024-10-09
ARI incidence,EE,2024-10-27,4,quantile,0.1,196.41470963161086,2024-10-09
ARI incidence,EE,2024-10-06,1,quantile,0.15,221.7408968295235,2024-10-09
ARI incidence,EE,2024-10-13,2,quantile,0.15,218.66810640781264,2024-10-09
ARI incidence,EE,2024-10-20,3,quantile,0.15,213.2302975421187,2024-10-09
ARI incidence,EE,2024-10-27,4,quantile,0.15,204.57208533047182,2024-10-09
ARI incidence,EE,2024-10-06,1,quantile,0.2,226.2408776793128,2024-10-09
ARI incidence,EE,2024-10-13,2,quantile,0.2,222.44449933735913,2024-10-09
ARI incidence,EE,2024-10-20,3,quantile,0.2,217.02030071776164,2024-10-09
ARI incidence,EE,2024-10-27,4,quantile,0.2,211.5910733630135,2024-10-09
ARI incidence,EE,2024-10-06,1,quantile,0.25,230.34107588627137,2024-10-09
ARI incidence,EE,2024-10-13,2,quantile,0.25,228.82946959192606,2024-10-09
ARI incidence,EE,2024-10-20,3,quantile,0.25,222.03157690855284,2024-10-09
ARI incidence,EE,2024-10-27,4,quantile,0.25,213.12205722024223,2024-10-09
ARI incidence,EE,2024-10-06,1,quantile,0.3,233.8238784310079,2024-10-09
ARI incidence,EE,2024-10-13,2,quantile,0.3,232.67546334200694,2024-10-09
ARI incidence,EE,2024-10-20,3,quantile,0.3,238.99518658797382,2024-10-09
ARI incidence,EE,2024-10-27,4,quantile,0.3,223.65725094227366,2024-10-09
ARI incidence,EE,2024-10-06,1,quantile,0.35,234.6452202890507,2024-10-09
ARI incidence,EE,2024-10-13,2,quantile,0.35,235.50639894860743,2024-10-09
ARI incidence,EE,2024-10-20,3,quantile,0.35,240.60784265906005,2024-10-09
ARI incidence,EE,2024-10-27,4,quantile,0.35,228.21865101120568,2024-10-09
ARI incidence,EE,2024-10-06,1,quantile,0.4,235.46078057688993,2024-10-09
ARI incidence,EE,2024-10-13,2,quantile,0.4,236.24192910895994,2024-10-09
ARI incidence,EE,2024-10-20,3,quantile,0.4,241.72688036351275,2024-10-09
ARI incidence,EE,2024-10-27,4,quantile,0.4,229.14197473932722,2024-10-09
ARI incidence,EE,2024-10-06,1,quantile,0.45,240.55830046819537,2024-10-09
ARI incidence,EE,2024-10-13,2,quantile,0.45,240.21653897387972,2024-10-09
ARI incidence,EE,2024-10-20,3,quantile,0.45,242.46182671728502,2024-10-09
ARI incidence,EE,2024-10-27,4,quantile,0.45,238.12279178284777,2024-10-09
ARI incidence,EE,2024-10-06,1,median,0.5,242.77182869409847,2024-10-09
ARI incidence,EE,2024-10-13,2,median,0.5,243.39868380759629,2024-10-09
ARI incidence,EE,2024-10-20,3,median,0.5,247.4624345940603,2024-10-09
ARI incidence,EE,2024-10-27,4,median,0.5,241.3096277972968,2024-10-09
ARI incidence,EE,2024-10-06,1,quantile,0.55,244.52680605451403,2024-10-09
ARI incidence,EE,2024-10-13,2,quantile,0.55,245.9061784008572,2024-10-09
ARI incidence,EE,2024-10-20,3,quantile,0.55,253.07361242003194,2024-10-09
ARI incidence,EE,2024-10-27,4,quantile,0.55,244.7952232777653,2024-10-09
ARI incidence,EE,2024-10-06,1,quantile,0.6,246.76710857756953,2024-10-09
ARI incidence,EE,2024-10-13,2,quantile,0.6,249.33800918572166,2024-10-09
ARI incidence,EE,2024-10-20,3,quantile,0.6,254.42990574614865,2024-10-09
ARI incidence,EE,2024-10-27,4,quantile,0.6,247.49954224563677,2024-10-09
ARI incidence,EE,2024-10-06,1,quantile,0.65,250.67353635034095,2024-10-09
ARI incidence,EE,2024-10-13,2,quantile,0.65,255.4762580531375,2024-10-09
ARI incidence,EE,2024-10-20,3,quantile,0.65,255.70180245862244,2024-10-09
ARI incidence,EE,2024-10-27,4,quantile,0.65,248.54739605056068,2024-10-09
ARI incidence,EE,2024-10-06,1,quantile,0.7,251.3017212856714,2024-10-09
ARI incidence,EE,2024-10-13,2,quantile,0.7,261.44767596471524,2024-10-09
ARI incidence,EE,2024-10-20,3,quantile,0.7,257.6727034391566,2024-10-09
ARI incidence,EE,2024-10-27,4,quantile,0.7,249.64589673801467,2024-10-09
ARI incidence,EE,2024-10-06,1,quantile,0.75,252.12266923953902,2024-10-09
ARI incidence,EE,2024-10-13,2,quantile,0.75,262.6330490324061,2024-10-09
ARI incidence,EE,2024-10-20,3,quantile,0.75,261.1350033823494,2024-10-09
ARI incidence,EE,2024-10-27,4,quantile,0.75,249.74098808334801,2024-10-09
ARI incidence,EE,2024-10-06,1,quantile,0.8,259.80755477234516,2024-10-09
ARI incidence,EE,2024-10-13,2,quantile,0.8,265.8765797283286,2024-10-09
ARI incidence,EE,2024-10-20,3,quantile,0.8,275.6189780804162,2024-10-09
ARI incidence,EE,2024-10-27,4,quantile,0.8,251.740689775713,2024-10-09
ARI incidence,EE,2024-10-06,1,quantile,0.85,261.70271460561406,2024-10-09
ARI incidence,EE,2024-10-13,2,quantile,0.85,274.2546845909124,2024-10-09
ARI incidence,EE,2024-10-20,3,quantile,0.85,277.5778506007934,2024-10-09
ARI incidence,EE,2024-10-27,4,quantile,0.85,271.44766267811116,2024-10-09
ARI incidence,EE,2024-10-06,1,quantile,0.9,278.3990004802464,2024-10-09
ARI incidence,EE,2024-10-13,2,quantile,0.9,276.8048317021805,2024-10-09
ARI incidence,EE,2024-10-20,3,quantile,0.9,288.04368605983024,2024-10-09
ARI incidence,EE,2024-10-27,4,quantile,0.9,279.7242498293672,2024-10-09
ARI incidence,EE,2024-10-06,1,quantile,0.95,289.72323497059176,2024-10-09
ARI incidence,EE,2024-10-13,2,quantile,0.95,280.9063594495219,2024-10-09
ARI incidence,EE,2024-10-20,3,quantile,0.95,310.38433551875346,2024-10-09
ARI incidence,EE,2024-10-27,4,quantile,0.95,296.2069973567929,2024-10-09
ARI incidence,EE,2024-10-06,1,quantile,0.975,293.0840596135091,2024-10-09
ARI incidence,EE,2024-10-13,2,quantile,0.975,322.72000186209414,2024-10-09
ARI incidence,EE,2024-10-20,3,quantile,0.975,316.7133316602449,2024-10-09
ARI incidence,EE,2024-10-27,4,quantile,0.975,303.0969922177923,2024-10-09
ARI incidence,EE,2024-10-06,1,quantile,0.99,296.5367125079602,2024-10-09
ARI incidence,EE,2024-10-13,2,quantile,0.99,334.5964191143417,2024-10-09
ARI incidence,EE,2024-10-20,3,quantile,0.99,319.1628563106963,2024-10-09
ARI incidence,EE,2024-10-27,4,quantile,0.99,337.2579442075398,2024-10-09
ARI incidence,FI,2024-08-25,1,quantile,0.01,1648.969912056432,2024-08-28
ARI incidence,FI,2024-09-01,2,quantile,0.01,1812.535986658612,2024-08-28
ARI incidence,FI,2024-09-08,3,quantile,0.01,1297.6658931548625,2024-08-28
ARI incidence,FI,2024-09-15,4,quantile,0.01,1871.8520506046934,2024-08-28
ARI incidence,FI,2024-08-25,1,quantile,0.025,1727.1503301504595,2024-08-28
ARI incidence,FI,2024-09-01,2,quantile,0.025,1925.0907688088394,2024-08-28
ARI incidence,FI,2024-09-08,3,quantile,0.025,1685.9939354878707,2024-08-28
ARI incidence,FI,2024-09-15,4,quantile,0.025,1964.7441043298898,2024-08-28
ARI incidence,FI,2024-08-25,1,quantile,0.05,1823.4646749265498,2024-08-28
ARI incidence,FI,2024-09-01,2,quantile,0.05,2021.0646190923928,2024-08-28
ARI incidence,FI,2024-09-08,3,quantile,0.05,1836.8318572216353,2024-08-28
ARI incidence,FI,2024-09-15,4,quantile,0.05,2026.9797330789545,2024-08-28
ARI incidence,FI,2024-08-25,1,quantile,0.1,2025.8261416275009,2024-08-28
ARI incidence,FI,2024-09-01,2,quantile,0.1,2117.5112769544676,2024-08-28
ARI incidence,FI,2024-09-08,3,quantile,0.1,2022.858784262451,2024-08-28
ARI incidence,FI,2024-09-15,4,quantile,0.1,2109.4356087296437,2024-08-28
ARI incidence,FI,2024-08-25,1,quantile,0.15,2049.086970808911,2024-08-28
ARI incidence,FI,2024-09-01,2,quantile,0.15,2330.751994007095,2024-08-28
ARI incidence,FI,2024-09-08,3,quantile,0.15,2146.547891154635,2024-08-28
ARI incidence,FI,2024-09-15,4,quantile,0.15,2185.014467295511,2024-08-28
ARI incidence,FI,2024-08-25,1,quantile,0.2,2161.1059621685067,2024-08-28
ARI incidence,FI,2024-09-01,2,quantile,0.2,2332.943323554331,2024-08-28
ARI incidence,FI,2024-09-08,3,quantile,0.2,2270.083871901107,2024-08-28
ARI incidence,FI,2024-09-15,4,quantile,0.2,2298.6298858584723,2024-08-28
ARI incidence,FI,2024-08-25,1,quantile,0.25,2304.291818970641,2024-08-28
ARI incidence,FI,2024-09-01,2,quantile,0.25,2340.188099015409,2024-08-28
ARI incidence,FI,2024-09-08,3,quantile,0.25,2335.318821703585,2024-08-28
ARI incidence,FI,2024-09-15,4,quantile,0.25,2404.6542884849614,2024-08-28
ARI incidence,FI,2024-08-25,1,quantile,0.3,2362.2882310543064,2024-08-28
ARI incidence,FI,2024-09-01,2,quantile,0.3,2350.237999082622,2024-08-28
ARI incidence,FI,2024-09-08,3,quantile,0.3,2449.028334637535,2024-08-28
ARI incidence,FI,2024-09-15,4,quantile,0.3,2436.0621232502544,2024-08-28
ARI incidence,FI,2024-08-25,1,quantile,0.35,2391.6950273973703,2024-08-28
ARI incidence,FI,2024-09-01,2,quantile,0.35,2365.111299422483,2024-08-28
ARI incidence,FI,2024-09-08,3,quantile,0.35,2516.3212390036215,2024-08-28
ARI incidence,FI,2024-09-15,4,quantile,0.35,2457.606584429954,2024-08-28
ARI incidence,FI,2024-08-25,1,quantile,0.4,2414.2677015932263,2024-08-28
ARI incidence,FI,2024-09-01,2,quantile,0.4,2378.8926493216577,2024-08-28
ARI incidence,FI,2024-09-08,3,quantile,0.4,2524.4232520479422,2024-08-28
ARI incidence,FI,2024-09-15,4,quantile,0.4,2535.873210563428,2024-08-28
ARI incidence,FI,2024-08-25,1,quantile,0.45,2426.834654598353,2024-08-28
ARI incidence,FI,2024-09-01,2,quantile,0.45,2391.539313660429,2024-08-28
ARI incidence,FI,2024-09-08,3,quantile,0.45,2532.0424090768097,2024-08-28
ARI incidence,FI,2024-09-15,4,quantile,0.45,2568.428313789203,2024-08-28
ARI incidence,FI,2024-08-25,1,median,0.5,2438.9246163416306,2024-08-28
ARI incidence,FI,2024-09-01,2,median,0.5,2410.003509813923,2024-08-28
ARI incidence,FI,2024-09-08,3,median,0.5,2541.9261752032053,2024-08-28
ARI incidence,FI,2024-09-15,4,median,0.5,2593.998891908644,2024-08-28
ARI incidence,FI,2024-08-25,1,quantile,0.55,2445.7318378757204,2024-08-28
ARI incidence,FI,2024-09-01,2,quantile,0.55,2454.2375696368995,2024-08-28
ARI incidence,FI,2024-09-08,3,quantile,0.55,2561.9862438444634,2024-08-28
ARI incidence,FI,2024-09-15,4,quantile,0.55,2623.454459365282,2024-08-28
ARI incidence,FI,2024-08-25,1,quantile,0.6,2463.405695347724,2024-08-28
ARI incidence,FI,2024-09-01,2,quantile,0.6,2480.0085866747,2024-08-28
ARI incidence,FI,2024-09-08,3,quantile,0.6,2588.6749758714705,2024-08-28
ARI incidence,FI,2024-09-15,4,quantile,0.6,2660.953274356099,2024-08-28
ARI incidence,FI,2024-08-25,1,quantile,0.65,2494.426089161013,2024-08-28
ARI incidence,FI,2024-09-01,2,quantile,0.65,2494.5771969575094,2024-08-28
ARI incidence,FI,2024-09-08,3,quantile,0.65,2613.331250620998,2024-08-28
ARI incidence,FI,2024-09-15,4,quantile,0.65,2684.7046155699654,2024-08-28
ARI incidence,FI,2024-08-25,1,quantile,0.7,2503.6348753591656,2024-08-28
ARI incidence,FI,2024-09-01,2,quantile,0.7,2506.528774600391,2024-08-28
ARI incidence,FI,2024-09-08,3,quantile,0.7,2670.7945267023874,2024-08-28
ARI incidence,FI,2024-09-15,4,quantile,0.7,2721.510042885562,2024-08-28
ARI incidence,FI,2024-08-25,1,quantile,0.75,2521.5173101644086,2024-08-28
ARI incidence,FI,2024-09-01,2,quantile,0.75,2519.3208779667016,2024-08-28
ARI incidence,FI,2024-09-08,3,quantile,0.75,2723.8255391959397,2024-08-28
ARI incidence,FI,2024-09-15,4,quantile,0.75,2758.940513941224,2024-08-28
ARI incidence,FI,2024-08-25,1,quantile,0.8,2540.1150522398766,2024-08-28
ARI incidence,FI,2024-09-01,2,quantile,0.8,2540.384143724901,2024-08-28
ARI incidence,FI,2024-09-08,3,quantile,0.8,2810.527838472055,2024-08-28
ARI incidence,FI,2024-09-15,4,quantile,0.8,2778.167642826301,2024-08-28
ARI incidence,FI,2024-08-25,1,quantile,0.85,2583.525674615872,2024-08-28
ARI incidence,FI,2024-09-01,2,quantile,0.85,2636.220765317746,2024-08-28
ARI incidence,FI,2024-09-08,3,quantile,0.85,2932.8939905130037,2024-08-28
ARI incidence,FI,2024-09-15,4,quantile,0.85,2797.5629906706863,2024-08-28
ARI incidence,FI,2024-08-25,1,quantile,0.9,2610.808536501495,2024-08-28
ARI incidence,FI,2024-09-01,2,quantile,0.9,2825.554926756029,2024-08-28
ARI incidence,FI,2024-09-08,3,quantile,0.9,3104.2208866763685,2024-08-28
ARI incidence,FI,2024-09-15,4,quantile,0.9,2838.354367793068,2024-08-28
ARI incidence,FI,2024-08-25,1,quantile,0.95,2788.401565607329,2024-08-28
ARI incidence,FI,2024-09-01,2,quantile,0.95,2968.962249955419,2024-08-28
ARI incidence,FI,2024-09-08,3,quantile,0.95,3252.7582799998445,2024-08-28
ARI incidence,FI,2024-09-15,4,quantile,0.95,3124.064398599656,2024-08-28
ARI incidence,FI,2024-08-25,1,quantile,0.975,3302.4767428860387,2024-08-28
ARI incidence,FI,2024-09-01,2,quantile,0.975,2970.9160185182964,2024-08-28
ARI incidence,FI,2024-09-08,3,quantile,0.975,3340.9836460249867,2024-08-28
ARI incidence,FI,2024-09-15,4,quantile,0.975,3373.057311608156,2024-08-28
ARI incidence,FI,2024-08-25,1,quantile,0.99,3472.953135806447,2024-08-28
ARI incidence,FI,2024-09-01,2,quantile,0.99,3055.363566931546,2024-08-28
ARI incidence,FI,2024-09-08,3,quantile,0.99,4554.459057343699,2024-08-28
ARI incidence,FI,2024-09-15,4,quantile,0.99,3431.2105023137674,2024-08-28
ARI incidence,FR,2024-10-20,1,quantile,0.01,77.88557759630866,2024-10-23
ARI incidence,FR,2024-10-27,2,quantile,0.01,101.7468942845607,2024-10-23
ARI incidence,FR,2024-11-03,3,quantile,0.01,116.18546790493892,2024-10-23
ARI incidence,FR,2024-11-10,4,quantile,0.01,122.10849539507244,2024-10-23
ARI incidence,FR,2024-10-20,1,quantile,0.025,82.19821943820297,2024-10-23
ARI incidence,FR,2024-10-27,2,quantile,0.025,103.50300290068441,2024-10-23
ARI incidence,FR,2024-11-03,3,quantile,0.025,120.35902699187663,2024-10-23
ARI incidence,FR,2024-11-10,4,quantile,0.025,128.81974626682765,2024-10-23
ARI incidence,FR,2024-10-20,1,quantile,0.05,97.84650254048039,2024-10-23
ARI incidence,FR,2024-10-27,2,quantile,0.05,105.11504114544644,2024-10-23
ARI incidence,FR,2024-11-03,3,quantile,0.05,125.22338899640286,2024-10-23
ARI incidence,FR,2024-11-10,4,quantile,0.05,138.30805782941158,2024-10-23
ARI incidence,FR,2024-10-20,1,quantile,0.1,112.06797759313694,2024-10-23
ARI incidence,FR,2024-10-27,2,quantile,0.1,112.55356349383428,2024-10-23
ARI incidence,FR,2024-11-03,3,quantile,0.1,142.68602235977846,2024-10-23
ARI incidence,FR,2024-11-10,4,quantile,0.1,181.62127062618956,2024-10-23
ARI incidence,FR,2024-10-20,1,quantile,0.15,115.75231105010198,2024-10-23
ARI incidence,FR,2024-10-27,2,quantile,0.15,123.79570287533606,2024-10-23
ARI incidence,FR,2024-11-03,3,quantile,0.15,150.26462280779614,2024-10-23
ARI incidence,FR,2024-11-10,4,quantile,0.15,183.03290555999925,2024-10-23
ARI incidence,FR,2024-10-20,1,quantile,0.2,116.78712853229099,2024-10-23
ARI incidence,FR,2024-10-27,2,quantile,0.2,125.99976509443594,2024-10-23
ARI incidence,FR,2024-11-03,3,quantile,0.2,154.05484930146315,2024-10-23
ARI incidence,FR,2024-11-10,4,quantile,0.2,190.70839951679113,2024-10-23
ARI incidence,FR,2024-10-20,1,quantile,0.25,122.83701115031846,2024-10-23
ARI incidence,FR,2024-10-27,2,quantile,0.25,129.66042495016853,2024-10-23
ARI incidence,FR,2024-11-03,3,quantile,0.25,158.16690695546083,2024-10-23
ARI incidence,FR,2024-11-10,4,quantile,0.25,199.32762144867576,2024-10-23
ARI incidence,FR,2024-10-20,1,quantile,0.3,126.46957143988469,2024-10-23
ARI incidence,FR,2024-10-27,2,quantile,0.3,131.77444409002564,2024-10-23
ARI incidence,FR,2024-11-03,3,quantile,0.3,159.79774300276307,2024-10-23
ARI incidence,FR,2024-11-10,4,quantile,0.3,203.92871458465603,2024-10-23
ARI incidence,FR,2024-10-20,1,quantile,0.35,128.77567900476254,2024-10-23
ARI incidence,FR,2024-10-27,2,quantile,0.35,134.52122588366433,2024-10-23
ARI incidence,FR,2024-11-03,3,quantile,0.35,161.96445367013771,2024-10-23
ARI incidence,FR,2024-11-10,4,quantile,0.35,206.03968370096808,2024-10-23
ARI incidence,FR,2024-10-20,1,quantile,0.4,130.90408643851325,2024-10-23
ARI incidence,FR,2024-10-27,2,quantile,0.4,137.109605125299,2024-10-23
ARI incidence,FR,2024-11-03,3,quantile,0.4,164.20442268762542,2024-10-23
ARI incidence,FR,2024-11-10,4,quantile,0.4,208.7303834580463,2024-10-23
ARI incidence,FR,2024-10-20,1,quantile,0.45,132.44363439108648,2024-10-23
ARI incidence,FR,2024-10-27,2,quantile,0.45,138.06546386111924,2024-10-23
ARI incidence,FR,2024-11-03,3,quantile,0.45,167.8693479301648,2024-10-23
ARI incidence,FR,2024-11-10,4,quantile,0.45,210.9910609089347,2024-10-23
ARI incidence,FR,2024-10-20,1,median,0.5,136.17447538047662,2024-10-23
ARI incidence,FR,2024-10-27,2,median,0.5,139.09363271667394,2024-10-23
ARI incidence,FR,2024-11-03,3,median,0.5,168.80297586525253,2024-10-23
ARI incidence,FR,2024-11-10,4,median,0.5,213.859730387661,2024-10-23
ARI incidence,FR,2024-10-20,1,quantile,0.55,138.18937775283172,2024-10-23
ARI incidence,FR,2024-10-27,2,quantile,0.55,140.2302824488416,2024-10-23
ARI incidence,FR,2024-11-03,3,quantile,0.55,170.81792406565157,2024-10-23
ARI incidence,FR,2024-11-10,4,quantile,0.55,216.6217732081016,2024-10-23
ARI incidence,FR,2024-10-20,1,quantile,0.6,142.14405783677037,2024-10-23
ARI incidence,FR,2024-10-27,2,quantile,0.6,141.46954521924172,2024-10-23
ARI incidence,FR,2024-11-03,3,quantile,0.6,174.4672579091298,2024-10-23
ARI incidence,FR,2024-11-10,4,quantile,0.6,219.492655045729,2024-10-23
ARI incidence,FR,2024-10-20,1,quantile,0.65,146.44798565073665,2024-10-23
ARI incidence,FR,2024-10-27,2,quantile,0.65,142.96311037473032,2024-10-23
ARI incidence,FR,2024-11-03,3,quantile,0.65,176.36106085727272,2024-10-23
ARI incidence,FR,2024-11-10,4,quantile,0.65,225.03288020158652,2024-10-23
ARI incidence,FR,2024-10-20,1,quantile,0.7,147.7285323789009,2024-10-23
ARI incidence,FR,2024-10-27,2,quantile,0.7,145.9405046571897,2024-10-23
ARI incidence,FR,2024-11-03,3,quantile,0.7,178.37776787645086,2024-10-23
ARI incidence,FR,2024-11-10,4,quantile,0.7,231.55138182308235,2024-10-23
ARI incidence,FR,2024-10-20,1,quantile,0.75,148.82687975220338,2024-10-23
ARI incidence,FR,2024-10-27,2,quantile,0.75,149.3008365619437,2024-10-23
ARI incidence,FR,2024-11-03,3,quantile,0.75,181.35103774342434,2024-10-23
ARI incidence,FR,2024-11-10,4,quantile,0.75,236.02449305010555,2024-10-23
ARI incidence,FR,2024-10-20,1,quantile,0.8,151.59390571646563,2024-10-23
ARI incidence,FR,2024-10-27,2,quantile,0.8,153.03833266358805,2024-10-23
ARI incidence,FR,2024-11-03,3,quantile,0.8,184.24320501068124,2024-10-23
ARI incidence,FR,2024-11-10,4,quantile,0.8,241.81298313565685,2024-10-23
ARI incidence,FR,2024-10-20,1,quantile,0.85,155.49989359091612,2024-10-23
ARI incidence,FR,2024-10-27,2,quantile,0.85,156.9978110405493,2024-10-23
ARI incidence,FR,2024-11-03,3,quantile,0.85,185.93763711980253,2024-10-23
ARI incidence,FR,2024-11-10,4,quantile,0.85,250.78303811551874,2024-10-23
ARI incidence,FR,2024-10-20,1,quantile,0.9,168.7596460269024,2024-10-23
ARI incidence,FR,2024-10-27,2,quantile,0.9,168.01584350898528,2024-10-23
ARI incidence,FR,2024-11-03,3,quantile,0.9,196.41956953352766,2024-10-23
ARI incidence,FR,2024-11-10,4,quantile,0.9,260.5467194136172,2024-10-23
ARI incidence,FR,2024-10-20,1,quantile,0.95,173.24178859885976,2024-10-23
ARI incidence,FR,2024-10-27,2,quantile,0.95,178.9599095959685,2024-10-23
ARI incidence,FR,2024-11-03,3,quantile,0.95,203.79043033330206,2024-10-23
ARI incidence,FR,2024-11-10,4,quantile,0.95,273.8436599571994,2024-10-23
ARI incidence,FR,2024-10-20,1,quantile,0.975,188.78899340263635,2024-10-23
ARI incidence,FR,2024-10-27,2,quantile,0.975,201.6795924767492,2024-10-23
ARI incidence,FR,2024-11-03,3,quantile,0.975,225.5296348369251,2024-10-23
ARI incidence,FR,2024-11-10,4,quantile,0.975,277.25238086231036,2024-10-23
ARI incidence,FR,2024-10-20,1,quantile,0.99,203.86904663714853,2024-10-23
ARI incidence,FR,2024-10-27,2,quantile,0.99,238.3037375187163,2024-10-23
ARI incidence,FR,2024-11-03,3,quantile,0.99,239.45784039242545,2024-10-23
ARI incidence,FR,2024-11-10,4,quantile,0.99,289.46463363381497,2024-10-23
ARI incidence,DE,2024-10-20,1,quantile,0.01,1368.2243255248113,2024-10-23
ARI incidence,DE,2024-10-27,2,quantile,0.01,1118.692840490061,2024-10-23
ARI incidence,DE,2024-11-03,3,quantile,0.01,1280.002472988348,2024-10-23
ARI incidence,DE,2024-11-10,4,quantile,0.01,1178.2614477127818,2024-10-23
ARI incidence,DE,2024-10-20,1,quantile,0.025,1375.021324783978,2024-10-23
ARI incidence,DE,2024-10-27,2,quantile,0.025,1255.6602893095078,2024-10-23
ARI incidence,DE,2024-11-03,3,quantile,0.025,1302.9001499146268,2024-10-23
ARI incidence,DE,2024-11-10,4,quantile,0.025,1255.7290240903333,2024-10-23
ARI incidence,DE,2024-10-20,1,quantile,0.05,1409.264653990001,2024-10-23
ARI incidence,DE,2024-10-27,2,quantile,0.05,1464.3550176651668,2024-10-23
ARI incidence,DE,2024-11-03,3,quantile,0.05,1464.4926448485146,2024-10-23
ARI incidence,DE,2024-11-10,4,quantile,0.05,1368.2936937103264,2024-10-23
ARI incidence,DE,2024-10-20,1,quantile,0.1,1499.0215627324935,2024-10-23
ARI incidence,DE,2024-10-27,2,quantile,0.1,1595.2562978080052,2024-10-23
ARI incidence,DE,2024-11-03,3,quantile,0.1,1568.3176251694154,2024-10-23
ARI incidence,DE,2024-11-10,4,quantile,0.1,1477.1342141292919,2024-10-23
ARI incidence,DE,2024-10-20,1,quantile,0.15,1573.0591522810569,2024-10-23
ARI incidence,DE,2024-10-27,2,quantile,0.15,1619.633346563321,2024-10-23
ARI incidence,DE,2024-11-03,3,quantile,0.15,1582.7851226612083,2024-10-23
ARI incidence,DE,2024-11-10,4,quantile,0.15,1503.2014819468397,2024-10-23
ARI incidence,DE,2024-10-20,1,quantile,0.2,1597.3533155291282,2024-10-23
ARI incidence,DE,2024-10-27,2,quantile,0.2,1668.0636762893885,2024-10-23
ARI incidence,DE,2024-11-03,3,quantile,0.2,1614.572398245286,2024-10-23
ARI incidence,DE,2024-11-10,4,quantile,0.2,1522.7250341583092,2024-10-23
ARI incidence,DE,2024-10-20,1,quantile,0.25,1692.2890153997073,2024-10-23
ARI incidence,DE,2024-10-27,2,quantile,0.25,1683.5223654368808,2024-10-23
ARI incidence,DE,2024-11-03,3,quantile,0.25,1638.7917867062456,2024-10-23
ARI incidence,DE,2024-11-10,4,quantile,0.25,1544.4243446319047,2024-10-23
ARI incidence,DE,2024-10-20,1,quantile,0.3,1738.27595122674,2024-10-23
ARI incidence,DE,2024-10-27,2,quantile,0.3,1689.8453485607263,2024-10-23
ARI incidence,DE,2024-11-03,3,quantile,0.3,1666.6357881064355,2024-10-23
ARI incidence,DE,2024-11-10,4,quantile,0.3,1645.9501912098935,2024-10-23
ARI incidence,DE,2024-10-20,1,quantile,0.35,1743.8402751301608,2024-10-23
ARI incidence,DE,2024-10-27,2,quantile,0.35,1717.5474410981203,2024-10-23
ARI incidence,DE,2024-11-03,3,quantile,0.35,1684.0503669021994,2024-10-23
ARI incidence,DE,2024-11-10,4,quantile,0.35,1679.3093824393354,2024-10-23
ARI incidence,DE,2024-10-20,1,quantile,0.4,1746.0389612476738,2024-10-23
ARI incidence,DE,2024-10-27,2,quantile,0.4,1758.412140646164,2024-10-23
ARI incidence,DE,2024-11-03,3,quantile,0.4,1702.6408468066074,2024-10-23
ARI incidence,DE,2024-11-10,4,quantile,0.4,1692.0548372188118,2024-10-23
ARI incidence,DE,2024-10-20,1,quantile,0.45,1750.4870273816173,2024-10-23
ARI incidence,DE,2024-10-27,2,quantile,0.45,1774.399240511069,2024-10-23
ARI incidence,DE,2024-11-03,3,quantile,0.45,1715.7086270733228,2024-10-23
ARI incidence,DE,2024-11-10,4,quantile,0.45,1710.0763422670032,2024-10-23
ARI incidence,DE,2024-10-20,1,median,0.5,1776.6906714954298,2024-10-23
ARI incidence,DE,2024-10-27,2,median,0.5,1789.5914760235419,2024-10-23
ARI incidence,DE,2024-11-03,3,median,0.5,1725.0005804846817,2024-10-23
ARI incidence,DE,2024-11-10,4,median,0.5,1732.207189847109,2024-10-23
ARI incidence,DE,2024-10-20,1,quantile,0.55,1807.7793184329494,2024-10-23
ARI incidence,DE,2024-10-27,2,quantile,0.55,1803.8241910815686,2024-10-23
ARI incidence,DE,2024-11-03,3,quantile,0.55,1736.658133589892,2024-10-23
ARI incidence,DE,2024-11-10,4,quantile,0.55,1750.6517867803868,2024-10-23
ARI incidence,DE,2024-10-20,1,quantile,0.6,1834.634748090699,2024-10-23
ARI incidence,DE,2024-10-27,2,quantile,0.6,1816.7588928910063,2024-10-23
ARI incidence,DE,2024-11-03,3,quantile,0.6,1755.3803395833797,2024-10-23
ARI incidence,DE,2024-11-10,4,quantile,0.6,1773.9782881378328,2024-10-23
ARI incidence,DE,2024-10-20,1,quantile,0.65,1852.1626598842502,2024-10-23
ARI incidence,DE,2024-10-27,2,quantile,0.65,1829.0426345550902,2024-10-23
ARI incidence,DE,2024-11-03,3,quantile,0.65,1768.7286043302672,2024-10-23
ARI incidence,DE,2024-11-10,4,quantile,0.65,1796.5172377216716,2024-10-23
ARI incidence,DE,2024-10-20,1,quantile,0.7,1868.2828960181168,2024-10-23
ARI incidence,DE,2024-10-27,2,quantile,0.7,1844.1802828392563,2024-10-23
ARI incidence,DE,2024-11-03,3,quantile,0.7,1786.056742378101,2024-10-23
ARI incidence,DE,2024-11-10,4,quantile,0.7,1824.718815547783,2024-10-23
ARI incidence,DE,2024-10-20,1,quantile,0.75,1890.6755658128136,2024-10-23
ARI incidence,DE,2024-10-27,2,quantile,0.75,1858.1856947382869,2024-10-23
ARI incidence,DE,2024-11-03,3,quantile,0.75,1805.3656726824154,2024-10-23
ARI incidence,DE,2024-11-10,4,quantile,0.75,1856.612182312102,2024-10-23
ARI incidence,DE,2024-10-20,1,quantile,0.8,1912.3680668486031,2024-10-23
ARI incidence,DE,2024-10-27,2,quantile,0.8,1871.4403020849015,2024-10-23
ARI incidence,DE,2024-11-03,3,quantile,0.8,1828.1974811903526,2024-10-23
ARI incidence,DE,2024-11-10,4,quantile,0.8,1882.1995066005325,2024-10-23
ARI incidence,DE,2024-10-20,1,quantile,0.85,1956.3189843049593,2024-10-23
ARI incidence,DE,2024-10-27,2,quantile,0.85,1882.6936878781926,2024-10-23
ARI incidence,DE,2024-11-03,3,quantile,0.85,1876.1137659239698,2024-10-23
ARI incidence,DE,2024-11-10,4,quantile,0.85,1899.8733184122607,2024-10-23
ARI incidence,DE,2024-10-20,1,quantile,0.9,2148.991896294019,2024-10-23
ARI incidence,DE,2024-10-27,2,quantile,0.9,1983.4806276832803,2024-10-23
ARI incidence,DE,2024-11-03,3,quantile,0.9,2041.3304065377104,2024-10-23
ARI incidence,DE,2024-11-10,4,quantile,0.9,1928.9124398324952,2024-10-23
ARI incidence,DE,2024-10-20,1,quantile,0.95,2306.809542618212,2024-10-23
ARI incidence,DE,2024-10-27,2,quantile,0.95,2088.2494563464243,2024-10-23
ARI incidence,DE,2024-11-03,3,quantile,0.95,2070.881393759857,2024-10-23
ARI incidence,DE,2024-11-10,4,quantile,0.95,2050.470069616692,2024-10-23
ARI incidence,DE,2024-10-20,1,quantile,0.975,2458.8931104082335,2024-10-23
ARI incidence,DE,2024-10-27,2,quantile,0.975,2254.1562690134915,2024-10-23
ARI incidence,DE,2024-11-03,3,quantile,0.975,2084.115930514726,2024-10-23
ARI incidence,DE,2024-11-10,4,quantile,0.975,2182.815573565319,2024-10-23
ARI incidence,DE,2024-10-20,1,quantile,0.99,2463.0773041977677,2024-10-23
ARI incidence,DE,2024-10-27,2,quantile,0.99,2360.161140928115,2024-10-23
ARI incidence,DE,2024-11-03,3,quantile,0.99,2176.5269081173833,2024-10-23
ARI incidence,DE,2024-11-10,4,quantile,0.99,2218.621444621374,2024-10-23
ARI incidence,LV,2024-10-20,1,quantile,0.01,459.5354760179408,2024-10-23
ARI incidence,LV,2024-10-27,2,quantile,0.01,539.5542129218787,2024-10-23
ARI incidence,LV,2024-11-03,3,quantile,0.01,721.1826061879457,2024-10-23
ARI incidence,LV,2024-11-10,4,quantile,0.01,593.0398735845907,2024-10-23
ARI incidence,LV,2024-10-20,1,quantile,0.025,527.7515093711414,2024-10-23
ARI incidence,LV,2024-10-27,2,quantile,0.025,731.4461996014128,2024-10-23
ARI incidence,LV,2024-11-03,3,quantile,0.025,742.8426861832322,2024-10-23
ARI incidence,LV,2024-11-10,4,quantile,0.025,670.3189852827646,2024-10-23
ARI incidence,LV,2024-10-20,1,quantile,0.05,577.2765986287944,2024-10-23
ARI incidence,LV,2024-10-27,2,quantile,0.05,838.9762274262874,2024-10-23
ARI incidence,LV,2024-11-03,3,quantile,0.05,757.5712565658755,2024-10-23
ARI incidence,LV,2024-11-10,4,quantile,0.05,788.3327762230721,2024-10-23
ARI incidence,LV,2024-10-20,1,quantile,0.1,639.6879722780761,2024-10-23
ARI incidence,LV,2024-10-27,2,quantile,0.1,867.2437893450395,2024-10-23
ARI incidence,LV,2024-11-03,3,quantile,0.1,845.3657213786242,2024-10-23
ARI incidence,LV,2024-11-10,4,quantile,0.1,1174.8794239550546,2024-10-23
ARI incidence,LV,2024-10-20,1,quantile,0.15,666.3656833102388,2024-10-23
ARI incidence,LV,2024-10-27,2,quantile,0.15,904.5195655670941,2024-10-23
ARI incidence,LV,2024-11-03,3,quantile,0.15,1025.9803014034378,2024-10-23
ARI incidence,LV,2024-11-10,4,quantile,0.15,1205.38542835373,2024-10-23
ARI incidence,LV,2024-10-20,1,quantile,0.2,720.3140151177168,2024-10-23
ARI incidence,LV,2024-10-27,2,quantile,0.2,932.7847643111853,2024-10-23
ARI incidence,LV,2024-11-03,3,quantile,0.2,1171.2049456115642,2024-10-23
ARI incidence,LV,2024-11-10,4,quantile,0.2,1235.3505106109078,2024-10-23
ARI incidence,LV,2024-10-20,1,quantile,0.25,746.7009746272206,2024-10-23
ARI incidence,LV,2024-10-27,2,quantile,0.25,980.0556929413845,2024-10-23
ARI incidence,LV,2024-11-03,3,quantile,0.25,1180.2984462392453,2024-10-23
ARI incidence,LV,2024-11-10,4,quantile,0.25,1259.6513195994894,2024-10-23
ARI incidence,LV,2024-10-20,1,quantile,0.3,768.617896194681,2024-10-23
ARI incidence,LV,2024-10-27,2,quantile,0.3,1009.7971841318599,2024-10-23
ARI incidence,LV,2024-11-03,3,quantile,0.3,1184.9109009603128,2024-10-23
ARI incidence,LV,2024-11-10,4,quantile,0.3,1289.0456455444587,2024-10-23
ARI incidence,LV,2024-10-20,1,quantile,0.35,797.8473805850948,2024-10-23
ARI incidence,LV,2024-10-27,2,quantile,0.35,1025.222647108035,2024-10-23
ARI incidence,LV,2024-11-03,3,quantile,0.35,1222.1460524573727,2024-10-23
ARI incidence,LV,2024-11-10,4,quantile,0.35,1306.5561896882766,2024-10-23
ARI incidence,LV,2024-10-20,1,quantile,0.4,836.1268268439744,2024-10-23
ARI incidence,LV,2024-10-27,2,quantile,0.4,1032.3023735573322,2024-10-23
ARI incidence,LV,2024-11-03,3,quantile,0.4,1248.2367015143534,2024-10-23
ARI incidence,LV,2024-11-10,4,quantile,0.4,1320.2347539890357,2024-10-23
ARI incidence,LV,2024-10-20,1,quantile,0.45,876.9931908853864,2024-10-23
ARI incidence,LV,2024-10-27,2,quantile,0.45,1049.0725238411064,2024-10-23
ARI incidence,LV,2024-11-03,3,quantile,0.45,1270.8513831779642,2024-10-23
ARI incidence,LV,2024-11-10,4,quantile,0.45,1332.7036421861749,2024-10-23
ARI incidence,LV,2024-10-20,1,median,0.5,888.6491945924672,2024-10-23
ARI incidence,LV,2024-10-27,2,median,0.5,1067.5789635770143,2024-10-23
ARI incidence,LV,2024-11-03,3,median,0.5,1288.5467369609419,2024-10-23
ARI incidence,LV,2024-11-10,4,median,0.5,1342.8991911500825,2024-10-23
ARI incidence,LV,2024-10-20,1,quantile,0.55,898.9761792291299,2024-10-23
ARI incidence,LV,2024-10-27,2,quantile,0.55,1087.8963125277712,2024-10-23
ARI incidence,LV,2024-11-03,3,quantile,0.55,1291.673732164459,2024-10-23
ARI incidence,LV,2024-11-10,4,quantile,0.55,1359.753891143045,2024-10-23
ARI incidence,LV,2024-10-20,1,quantile,0.6,911.3307223964758,2024-10-23
ARI incidence,LV,2024-10-27,2,quantile,0.6,1109.096858384384,2024-10-23
ARI incidence,LV,2024-11-03,3,quantile,0.6,1305.0383271237922,2024-10-23
ARI incidence,LV,2024-11-10,4,quantile,0.6,1375.867742569017,2024-10-23
ARI incidence,LV,2024-10-20,1,quantile,0.65,930.2152099937293,2024-10-23
ARI incidence,LV,2024-10-27,2,quantile,0.65,1133.6697676319004,2024-10-23
ARI incidence,LV,2024-11-03,3,quantile,0.65,1315.8153351111118,2024-10-23
ARI incidence,LV,2024-11-10,4,quantile,0.65,1404.8458241910942,2024-10-23
ARI incidence,LV,2024-10-20,1,quantile,0.7,944.7735116914561,2024-10-23
ARI incidence,LV,2024-10-27,2,quantile,0.7,1156.4935323703694,2024-10-23
ARI incidence,LV,2024-11-03,3,quantile,0.7,1330.622687353688,2024-10-23
ARI incidence,LV,2024-11-10,4,quantile,0.7,1435.3400845517813,2024-10-23
ARI incidence,LV,2024-10-20,1,quantile,0.75,973.1355070405951,2024-10-23
ARI incidence,LV,2024-10-27,2,quantile,0.75,1200.5582446692167,2024-10-23
ARI incidence,LV,2024-11-03,3,quantile,0.75,1348.5829231685125,2024-10-23
ARI incidence,LV,2024-11-10,4,quantile,0.75,1482.4502819594813,2024-10-23
ARI incidence,LV,2024-10-20,1,quantile,0.8,996.0509302815645,2024-10-23
ARI incidence,LV,2024-10-27,2,quantile,0.8,1238.8538315700318,2024-10-23
ARI incidence,LV,2024-11-03,3,quantile,0.8,1383.6511998830724,2024-10-23
ARI incidence,LV,2024-11-10,4,quantile,0.8,1520.6318265917564,2024-10-23
ARI incidence,LV,2024-10-20,1,quantile,0.85,1047.1187609242788,2024-10-23
ARI incidence,LV,2024-10-27,2,quantile,0.85,1260.1623074088816,2024-10-23
ARI incidence,LV,2024-11-03,3,quantile,0.85,1421.722451838498,2024-10-23
ARI incidence,LV,2024-11-10,4,quantile,0.85,1574.544994111356,2024-10-23
ARI incidence,LV,2024-10-20,1,quantile,0.9,1141.6574002115067,2024-10-23
ARI incidence,LV,2024-10-27,2,quantile,0.9,1356.8649468776553,2024-10-23
ARI incidence,LV,2024-11-03,3,quantile,0.9,1484.2944270230066,2024-10-23
ARI incidence,LV,2024-11-10,4,quantile,0.9,1682.7840677116217,2024-10-23
ARI incidence,LV,2024-10-20,1,quantile,0.95,1288.6483774124745,2024-10-23
ARI incidence,LV,2024-10-27,2,quantile,0.95,2096.5762001138028,2024-10-23
ARI incidence,LV,2024-11-03,3,quantile,0.95,1659.7104307288448,2024-10-23
ARI incidence,LV,2024-11-10,4,quantile,0.95,1804.9014667676252,2024-10-23
ARI incidence,LV,2024-10-20,1,quantile,0.975,1332.8345938211964,2024-10-23
ARI incidence,LV,2024-10-27,2,quantile,0.975,2413.9318300644295,2024-10-23
ARI incidence,LV,2024-11-03,3,quantile,0.975,1690.7025623084633,2024-10-23
ARI incidence,LV,2024-11-10,4,quantile,0.975,1848.2020317603576,2024-10-23
ARI incidence,LV,2024-10-20,1,quantile,0.99,1466.2175402706619,2024-10-23
ARI incidence,LV,2024-10-27,2,quantile,0.99,2498.4442577048544,2024-10-23
ARI incidence,LV,2024-11-03,3,quantile,0.99,1711.8467346735758,2024-10-23
ARI incidence,LV,2024-11-10,4,quantile,0.99,14217.29364304207,2024-10-23
ARI incidence,LT,2024-10-20,1,quantile,0.01,668.2843732067715,2024-10-23
ARI incidence,LT,2024-10-27,2,quantile,0.01,744.4491635055167,2024-10-23
ARI incidence,LT,2024-11-03,3,quantile,0.01,579.8430650746534,2024-10-23
ARI incidence,LT,2024-11-10,4,quantile,0.01,775.0286937633069,2024-10-23
ARI incidence,LT,2024-10-20,1,quantile,0.025,695.9433997201253,2024-10-23
ARI incidence,LT,2024-10-27,2,quantile,0.025,788.7215783842919,2024-10-23
ARI incidence,LT,2024-11-03,3,quantile,0.025,758.4779183255998,2024-10-23
ARI incidence,LT,2024-11-10,4,quantile,0.025,788.4817885298919,2024-10-23
ARI incidence,LT,2024-10-20,1,quantile,0.05,738.9387146586446,2024-10-23
ARI incidence,LT,2024-10-27,2,quantile,0.05,869.5093642532121,2024-10-23
ARI incidence,LT,2024-11-03,3,quantile,0.05,869.5523358346375,2024-10-23
ARI incidence,LT,2024-11-10,4,quantile,0.05,828.5130578175656,2024-10-23
ARI incidence,LT,2024-10-20,1,quantile,0.1,792.7573643907947,2024-10-23
ARI incidence,LT,2024-10-27,2,quantile,0.1,887.6288820775704,2024-10-23
ARI incidence,LT,2024-11-03,3,quantile,0.1,878.5551544608225,2024-10-23
ARI incidence,LT,2024-11-10,4,quantile,0.1,914.0876204244869,2024-10-23
ARI incidence,LT,2024-10-20,1,quantile,0.15,925.5161903415842,2024-10-23
ARI incidence,LT,2024-10-27,2,quantile,0.15,969.3988310184113,2024-10-23
ARI incidence,LT,2024-11-03,3,quantile,0.15,951.0296653013603,2024-10-23
ARI incidence,LT,2024-11-10,4,quantile,0.15,930.6692994731809,2024-10-23
ARI incidence,LT,2024-10-20,1,quantile,0.2,947.4345269641633,2024-10-23
ARI incidence,LT,2024-10-27,2,quantile,0.2,984.1110974877505,2024-10-23
ARI incidence,LT,2024-11-03,3,quantile,0.2,961.2353296312299,2024-10-23
ARI incidence,LT,2024-11-10,4,quantile,0.2,952.5182871697218,2024-10-23
ARI incidence,LT,2024-10-20,1,quantile,0.25,957.9159358097435,2024-10-23
ARI incidence,LT,2024-10-27,2,quantile,0.25,991.6277950655,2024-10-23
ARI incidence,LT,2024-11-03,3,quantile,0.25,969.2268307068266,2024-10-23
ARI incidence,LT,2024-11-10,4,quantile,0.25,979.5372271756694,2024-10-23
ARI incidence,LT,2024-10-20,1,quantile,0.3,967.7481709343552,2024-10-23
ARI incidence,LT,2024-10-27,2,quantile,0.3,1002.3691471058427,2024-10-23
ARI incidence,LT,2024-11-03,3,quantile,0.3,976.236180127892,2024-10-23
ARI incidence,LT,2024-11-10,4,quantile,0.3,1040.7399517451795,2024-10-23
ARI incidence,LT,2024-10-20,1,quantile,0.35,1000.8780651048552,2024-10-23
ARI incidence,LT,2024-10-27,2,quantile,0.35,1017.1661353225492,2024-10-23
ARI incidence,LT,2024-11-03,3,quantile,0.35,987.418284055563,2024-10-23
ARI incidence,LT,2024-11-10,4,quantile,0.35,1075.3575149791486,2024-10-23
ARI incidence,LT,2024-10-20,1,quantile,0.4,1047.3325157002507,2024-10-23
ARI incidence,LT,2024-10-27,2,quantile,0.4,1022.1303012829233,2024-10-23
ARI incidence,LT,2024-11-03,3,quantile,0.4,996.5405121610423,2024-10-23
ARI incidence,LT,2024-11-10,4,quantile,0.4,1084.4427722647044,2024-10-23
ARI incidence,LT,2024-10-20,1,quantile,0.45,1062.3443422528046,2024-10-23
ARI incidence,LT,2024-10-27,2,quantile,0.45,1024.1709217235164,2024-10-23
ARI incidence,LT,2024-11-03,3,quantile,0.45,1007.4877208094429,2024-10-23
ARI incidence,LT,2024-11-10,4,quantile,0.45,1088.124052558921,2024-10-23
ARI incidence,LT,2024-10-20,1,median,0.5,1071.5692904390276,2024-10-23
ARI incidence,LT,2024-10-27,2,median,0.5,1059.6813834337077,2024-10-23
ARI incidence,LT,2024-11-03,3,median,0.5,1021.3735408688225,2024-10-23
ARI incidence,LT,2024-11-10,4,median,0.5,1096.2152688852361,2024-10-23
ARI incidence,LT,2024-10-20,1,quantile,0.55,1080.552538169074,2024-10-23
ARI incidence,LT,2024-10-27,2,quantile,0.55,1107.9092417013,2024-10-23
ARI incidence,LT,2024-11-03,3,quantile,0.55,1031.0616488905084,2024-10-23
ARI incidence,LT,2024-11-10,4,quantile,0.55,1104.5951746050682,2024-10-23
ARI incidence,LT,2024-10-20,1,quantile,0.6,1110.286606953349,2024-10-23
ARI incidence,LT,2024-10-27,2,quantile,0.6,1120.1755090042698,2024-10-23
ARI incidence,LT,2024-11-03,3,quantile,0.6,1058.7663999576635,2024-10-23
ARI incidence,LT,2024-11-10,4,quantile,0.6,1120.2596657270706,2024-10-23
ARI incidence,LT,2024-10-20,1,quantile,0.65,1169.1811912137714,2024-10-23
ARI incidence,LT,2024-10-27,2,quantile,0.65,1183.390941414378,2024-10-23
ARI incidence,LT,2024-11-03,3,quantile,0.65,1076.9843131386995,2024-10-23
ARI incidence,LT,2024-11-10,4,quantile,0.65,1126.7839975954937,2024-10-23
ARI incidence,LT,2024-10-20,1,quantile,0.7,1188.3922333759465,2024-10-23
ARI incidence,LT,2024-10-27,2,quantile,0.7,1196.604052403882,2024-10-23
ARI incidence,LT,2024-11-03,3,quantile,0.7,1122.123294938714,2024-10-23
ARI incidence,LT,2024-11-10,4,quantile,0.7,1133.1467456128532,2024-10-23
ARI incidence,LT,2024-10-20,1,quantile,0.75,1210.9465335901807,2024-10-23
ARI incidence,LT,2024-10-27,2,quantile,0.75,1206.7977252903177,2024-10-23
ARI incidence,LT,2024-11-03,3,quantile,0.75,1154.3872056722726,2024-10-23
ARI incidence,LT,2024-11-10,4,quantile,0.75,1141.7398897392254,2024-10-23
ARI incidence,LT,2024-10-20,1,quantile,0.8,1298.0777818202848,2024-10-23
ARI incidence,LT,2024-10-27,2,quantile,0.8,1217.1291131560333,2024-10-23
ARI incidence,LT,2024-11-03,3,quantile,0.8,1156.543005937831,2024-10-23
ARI incidence,LT,2024-11-10,4,quantile,0.8,1147.4816589866482,2024-10-23
ARI incidence,LT,2024-10-20,1,quantile,0.85,1370.427356195658,2024-10-23
ARI incidence,LT,2024-10-27,2,quantile,0.85,1246.8384451553015,2024-10-23
ARI incidence,LT,2024-11-03,3,quantile,0.85,1165.8665617096217,2024-10-23
ARI incidence,LT,2024-11-10,4,quantile,0.85,1153.2869950075453,2024-10-23
ARI incidence,LT,2024-10-20,1,quantile,0.9,1395.9261342311331,2024-10-23
ARI incidence,LT,2024-10-27,2,quantile,0.9,1313.3191915555335,2024-10-23
ARI incidence,LT,2024-11-03,3,quantile,0.9,1199.5170507919654,2024-10-23
ARI incidence,LT,2024-11-10,4,quantile,0.9,1156.773838597978,2024-10-23
ARI incidence,LT,2024-10-20,1,quantile,0.95,1473.4207317575829,2024-10-23
ARI incidence,LT,2024-10-27,2,quantile,0.95,1317.2743656608534,2024-10-23
ARI incidence,LT,2024-11-03,3,quantile,0.95,1355.4008640195525,2024-10-23
ARI incidence,LT,2024-11-10,4,quantile,0.95,1184.6620486021618,2024-10-23
ARI incidence,LT,2024-10-20,1,quantile,0.975,1546.7022410037157,2024-10-23
ARI incidence,LT,2024-10-27,2,quantile,0.975,1407.416981632728,2024-10-23
ARI incidence,LT,2024-11-03,3,quantile,0.975,1421.8698322774474,2024-10-23
ARI incidence,LT,2024-11-10,4,quantile,0.975,1187.533179574728,2024-10-23
ARI incidence,LT,2024-10-20,1,quantile,0.99,1622.0104993145258,2024-10-23
ARI incidence,LT,2024-10-27,2,quantile,0.99,1427.2258067129048,2024-10-23
ARI incidence,LT,2024-11-03,3,quantile,0.99,1477.1314977578795,2024-10-23
ARI incidence,LT,2024-11-10,4,quantile,0.99,1209.7752022428426,2024-10-23
ARI incidence,LU,2024-10-20,1,quantile,0.01,10502.407824811053,2024-10-23
ARI incidence,LU,2024-10-27,2,quantile,0.01,9786.826574664952,2024-10-23
ARI incidence,LU,2024-11-03,3,quantile,0.01,9679.317542832669,2024-10-23
ARI incidence,LU,2024-11-10,4,quantile,0.01,9287.261055429208,2024-10-23
ARI incidence,LU,2024-10-20,1,quantile,0.025,11899.040573028538,2024-10-23
ARI incidence,LU,2024-10-27,2,quantile,0.025,11888.466965772766,2024-10-23
ARI incidence,LU,2024-11-03,3,quantile,0.025,10416.733871671926,2024-10-23
ARI incidence,LU,2024-11-10,4,quantile,0.025,11415.554188807408,2024-10-23
ARI incidence,LU,2024-10-20,1,quantile,0.05,12024.583769307155,2024-10-23
ARI incidence,LU,2024-10-27,2,quantile,0.05,13913.370570630694,2024-10-23
ARI incidence,LU,2024-11-03,3,quantile,0.05,12355.321911114463,2024-10-23
ARI incidence,LU,2024-11-10,4,quantile,0.05,11727.737494751758,2024-10-23
ARI incidence,LU,2024-10-20,1,quantile,0.1,13828.785936411661,2024-10-23
ARI incidence,LU,2024-10-27,2,quantile,0.1,14432.900903581934,2024-10-23
ARI incidence,LU,2024-11-03,3,quantile,0.1,13130.498740214985,2024-10-23
ARI incidence,LU,2024-11-10,4,quantile,0.1,12185.108221399785,2024-10-23
ARI incidence,LU,2024-10-20,1,quantile,0.15,13857.774874256349,2024-10-23
ARI incidence,LU,2024-10-27,2,quantile,0.15,14558.817596688184,2024-10-23
ARI incidence,LU,2024-11-03,3,quantile,0.15,13898.089140953425,2024-10-23
ARI incidence,LU,2024-11-10,4,quantile,0.15,12831.531991908525,2024-10-23
ARI incidence,LU,2024-10-20,1,quantile,0.2,14037.085339902142,2024-10-23
ARI incidence,LU,2024-10-27,2,quantile,0.2,14741.040326168602,2024-10-23
ARI incidence,LU,2024-11-03,3,quantile,0.2,14313.798545845717,2024-10-23
ARI incidence,LU,2024-11-10,4,quantile,0.2,13779.02420561644,2024-10-23
ARI incidence,LU,2024-10-20,1,quantile,0.25,14161.832160259864,2024-10-23
ARI incidence,LU,2024-10-27,2,quantile,0.25,14861.944410083215,2024-10-23
ARI incidence,LU,2024-11-03,3,quantile,0.25,14774.678672106584,2024-10-23
ARI incidence,LU,2024-11-10,4,quantile,0.25,15060.072066329756,2024-10-23
ARI incidence,LU,2024-10-20,1,quantile,0.3,14902.366802737859,2024-10-23
ARI incidence,LU,2024-10-27,2,quantile,0.3,15612.991665546986,2024-10-23
ARI incidence,LU,2024-11-03,3,quantile,0.3,15134.100827371703,2024-10-23
ARI incidence,LU,2024-11-10,4,quantile,0.3,15770.773919180334,2024-10-23
ARI incidence,LU,2024-10-20,1,quantile,0.35,15154.097746488143,2024-10-23
ARI incidence,LU,2024-10-27,2,quantile,0.35,15865.393191331776,2024-10-23
ARI incidence,LU,2024-11-03,3,quantile,0.35,15368.08409659911,2024-10-23
ARI incidence,LU,2024-11-10,4,quantile,0.35,16076.630781416641,2024-10-23
ARI incidence,LU,2024-10-20,1,quantile,0.4,15675.011591179587,2024-10-23
ARI incidence,LU,2024-10-27,2,quantile,0.4,16178.147070998777,2024-10-23
ARI incidence,LU,2024-11-03,3,quantile,0.4,15446.473211364337,2024-10-23
ARI incidence,LU,2024-11-10,4,quantile,0.4,16353.66419808727,2024-10-23
ARI incidence,LU,2024-10-20,1,quantile,0.45,15907.006890809398,2024-10-23
ARI incidence,LU,2024-10-27,2,quantile,0.45,16528.23126991207,2024-10-23
ARI incidence,LU,2024-11-03,3,quantile,0.45,16194.49843851703,2024-10-23
ARI incidence,LU,2024-11-10,4,quantile,0.45,16448.427675890664,2024-10-23
ARI incidence,LU,2024-10-20,1,median,0.5,16118.953967065208,2024-10-23
ARI incidence,LU,2024-10-27,2,median,0.5,16699.826979093294,2024-10-23
ARI incidence,LU,2024-11-03,3,median,0.5,16647.049906410597,2024-10-23
ARI incidence,LU,2024-11-10,4,median,0.5,16728.939653021756,2024-10-23
ARI incidence,LU,2024-10-20,1,quantile,0.55,16335.222881653855,2024-10-23
ARI incidence,LU,2024-10-27,2,quantile,0.55,16902.333291387626,2024-10-23
ARI incidence,LU,2024-11-03,3,quantile,0.55,16958.850770115092,2024-10-23
ARI incidence,LU,2024-11-10,4,quantile,0.55,16834.93677529676,2024-10-23
ARI incidence,LU,2024-10-20,1,quantile,0.6,16674.61296621277,2024-10-23
ARI incidence,LU,2024-10-27,2,quantile,0.6,17020.69622754187,2024-10-23
ARI incidence,LU,2024-11-03,3,quantile,0.6,17082.328204941976,2024-10-23
ARI incidence,LU,2024-11-10,4,quantile,0.6,17572.069243674112,2024-10-23
ARI incidence,LU,2024-10-20,1,quantile,0.65,17346.910677052885,2024-10-23
ARI incidence,LU,2024-10-27,2,quantile,0.65,17142.196024556568,2024-10-23
ARI incidence,LU,2024-11-03,3,quantile,0.65,17814.23705391261,2024-10-23
ARI incidence,LU,2024-11-10,4,quantile,0.65,17639.937262204363,2024-10-23
ARI incidence,LU,2024-10-20,1,quantile,0.7,17902.794534592027,2024-10-23
ARI incidence,LU,2024-10-27,2,quantile,0.7,17260.57799655234,2024-10-23
ARI incidence,LU,2024-11-03,3,quantile,0.7,17938.084254719186,2024-10-23
ARI incidence,LU,2024-11-10,4,quantile,0.7,17840.690571709958,2024-10-23
ARI incidence,LU,2024-10-20,1,quantile,0.75,18685.30522741665,2024-10-23
ARI incidence,LU,2024-10-27,2,quantile,0.75,17441.72453770157,2024-10-23
ARI incidence,LU,2024-11-03,3,quantile,0.75,18008.948778819613,2024-10-23
ARI incidence,LU,2024-11-10,4,quantile,0.75,18111.8046909659,2024-10-23
ARI incidence,LU,2024-10-20,1,quantile,0.8,19869.042439930185,2024-10-23
ARI incidence,LU,2024-10-27,2,quantile,0.8,18258.50960699273,2024-10-23
ARI incidence,LU,2024-11-03,3,quantile,0.8,18505.41833732868,2024-10-23
ARI incidence,LU,2024-11-10,4,quantile,0.8,19061.039449529715,2024-10-23
ARI incidence,LU,2024-10-20,1,quantile,0.85,19986.650679514623,2024-10-23
ARI incidence,LU,2024-10-27,2,quantile,0.85,19176.72689688151,2024-10-23
ARI incidence,LU,2024-11-03,3,quantile,0.85,19818.94787165336,2024-10-23
ARI incidence,LU,2024-11-10,4,quantile,0.85,19479.71135039256,2024-10-23
ARI incidence,LU,2024-10-20,1,quantile,0.9,20053.900907886098,2024-10-23
ARI incidence,LU,2024-10-27,2,quantile,0.9,20617.119313454135,2024-10-23
ARI incidence,LU,2024-11-03,3,quantile,0.9,21140.382838466063,2024-10-23
ARI incidence,LU,2024-11-10,4,quantile,0.9,21283.730271949356,2024-10-23
ARI incidence,LU,2024-10-20,1,quantile,0.95,21655.84222273837,2024-10-23
ARI incidence,LU,2024-10-27,2,quantile,0.95,22409.5326368218,2024-10-23
ARI incidence,LU,2024-11-03,3,quantile,0.95,22293.038316901442,2024-10-23
ARI incidence,LU,2024-11-10,4,quantile,0.95,23140.64529747387,2024-10-23
ARI incidence,LU,2024-10-20,1,quantile,0.975,24744.51974200014,2024-10-23
ARI incidence,LU,2024-10-27,2,quantile,0.975,22514.481731830896,2024-10-23
ARI incidence,LU,2024-11-03,3,quantile,0.975,24175.796555194665,2024-10-23
ARI incidence,LU,2024-11-10,4,quantile,0.975,23779.713172650554,2024-10-23
ARI incidence,LU,2024-10-20,1,quantile,0.99,25741.0450202606,2024-10-23
ARI incidence,LU,2024-10-27,2,quantile,0.99,25180.5831167436,2024-10-23
ARI incidence,LU,2024-11-03,3,quantile,0.99,27894.753268973836,2024-10-23
ARI incidence,LU,2024-11-10,4,quantile,0.99,25216.12475552805,2024-10-23
ARI incidence,NL,2022-10-09,1,quantile,0.01,81.4330759905487,2022-10-12
ARI incidence,NL,2022-10-16,2,quantile,0.01,68.65447531775567,2022-10-12
ARI incidence,NL,2022-10-23,3,quantile,0.01,88.75691953639814,2022-10-12
ARI incidence,NL,2022-10-30,4,quantile,0.01,94.45664852817893,2022-10-12
ARI incidence,NL,2022-10-09,1,quantile,0.025,92.97272245796145,2022-10-12
ARI incidence,NL,2022-10-16,2,quantile,0.025,94.58218468657452,2022-10-12
ARI incidence,NL,2022-10-23,3,quantile,0.025,93.36966567020664,2022-10-12
ARI incidence,NL,2022-10-30,4,quantile,0.025,96.85397146448108,2022-10-12
ARI incidence,NL,2022-10-09,1,quantile,0.05,114.0487870185531,2022-10-12
ARI incidence,NL,2022-10-16,2,quantile,0.05,101.175133698576,2022-10-12
ARI incidence,NL,2022-10-23,3,quantile,0.05,104.26392330979706,2022-10-12
ARI incidence,NL,2022-10-30,4,quantile,0.05,102.3077858877287,2022-10-12
ARI incidence,NL,2022-10-09,1,quantile,0.1,119.87469582290215,2022-10-12
ARI incidence,NL,2022-10-16,2,quantile,0.1,104.39676651587925,2022-10-12
ARI incidence,NL,2022-10-23,3,quantile,0.1,110.37645288163743,2022-10-12
ARI incidence,NL,2022-10-30,4,quantile,0.1,114.39387539857083,2022-10-12
ARI incidence,NL,2022-10-09,1,quantile,0.15,126.48202220995442,2022-10-12
ARI incidence,NL,2022-10-16,2,quantile,0.15,107.23162860094207,2022-10-12
ARI incidence,NL,2022-10-23,3,quantile,0.15,130.08820526435267,2022-10-12
ARI incidence,NL,2022-10-30,4,quantile,0.15,119.68725049684805,2022-10-12
ARI incidence,NL,2022-10-09,1,quantile,0.2,131.05839790574052,2022-10-12
ARI incidence,NL,2022-10-16,2,quantile,0.2,111.07914364631227,2022-10-12
ARI incidence,NL,2022-10-23,3,quantile,0.2,134.87319803025926,2022-10-12
ARI incidence,NL,2022-10-30,4,quantile,0.2,125.67986565280768,2022-10-12
ARI incidence,NL,2022-10-09,1,quantile,0.25,133.49273007584554,2022-10-12
ARI incidence,NL,2022-10-16,2,quantile,0.25,115.67733064439776,2022-10-12
ARI incidence,NL,2022-10-23,3,quantile,0.25,138.11858107788441,2022-10-12
ARI incidence,NL,2022-10-30,4,quantile,0.25,130.67699912980012,2022-10-12
ARI incidence,NL,2022-10-09,1,quantile,0.3,134.3708777764966,2022-10-12
ARI incidence,NL,2022-10-16,2,quantile,0.3,128.5595457451088,2022-10-12
ARI incidence,NL,2022-10-23,3,quantile,0.3,141.744499156316,2022-10-12
ARI incidence,NL,2022-10-30,4,quantile,0.3,147.71193753243057,2022-10-12
ARI incidence,NL,2022-10-09,1,quantile,0.35,136.26153524275836,2022-10-12
ARI incidence,NL,2022-10-16,2,quantile,0.35,132.2664674389768,2022-10-12
ARI incidence,NL,2022-10-23,3,quantile,0.35,143.5007968520909,2022-10-12
ARI incidence,NL,2022-10-30,4,quantile,0.35,150.41430551860478,2022-10-12
ARI incidence,NL,2022-10-09,1,quantile,0.4,138.27967041509234,2022-10-12
ARI incidence,NL,2022-10-16,2,quantile,0.4,135.16850446748683,2022-10-12
ARI incidence,NL,2022-10-23,3,quantile,0.4,144.47222770366523,2022-10-12
ARI incidence,NL,2022-10-30,4,quantile,0.4,151.84893801546008,2022-10-12
ARI incidence,NL,2022-10-09,1,quantile,0.45,140.76049638403336,2022-10-12
ARI incidence,NL,2022-10-16,2,quantile,0.45,136.37697488325514,2022-10-12
ARI incidence,NL,2022-10-23,3,quantile,0.45,145.28018741832116,2022-10-12
ARI incidence,NL,2022-10-30,4,quantile,0.45,157.02851100980033,2022-10-12
ARI incidence,NL,2022-10-09,1,median,0.5,143.08839559105058,2022-10-12
ARI incidence,NL,2022-10-16,2,median,0.5,138.93255674024732,2022-10-12
ARI incidence,NL,2022-10-23,3,median,0.5,147.54071477363647,2022-10-12
ARI incidence,NL,2022-10-30,4,median,0.5,159.31842785135257,2022-10-12
ARI incidence,NL,2022-10-09,1,quantile,0.55,145.31360993376342,2022-10-12
ARI incidence,NL,2022-10-16,2,quantile,0.55,143.16121584099466,2022-10-12
ARI incidence,NL,2022-10-23,3,quantile,0.55,150.72021522985392,2022-10-12
ARI incidence,NL,2022-10-30,4,quantile,0.55,160.70808991035076,2022-10-12
ARI incidence,NL,2022-10-09,1,quantile,0.6,147.69933306799035,2022-10-12
ARI incidence,NL,2022-10-16,2,quantile,0.6,148.53850818182627,2022-10-12
ARI incidence,NL,2022-10-23,3,quantile,0.6,156.11848306067154,2022-10-12
ARI incidence,NL,2022-10-30,4,quantile,0.6,165.50114179138495,2022-10-12
ARI incidence,NL,2022-10-09,1,quantile,0.65,159.13070257405167,2022-10-12
ARI incidence,NL,2022-10-16,2,quantile,0.65,154.1183306623578,2022-10-12
ARI incidence,NL,2022-10-23,3,quantile,0.65,164.54089735102906,2022-10-12
ARI incidence,NL,2022-10-30,4,quantile,0.65,184.14178784223873,2022-10-12
ARI incidence,NL,2022-10-09,1,quantile,0.7,168.7900671436359,2022-10-12
ARI incidence,NL,2022-10-16,2,quantile,0.7,160.16896272935233,2022-10-12
ARI incidence,NL,2022-10-23,3,quantile,0.7,168.61254307550988,2022-10-12
ARI incidence,NL,2022-10-30,4,quantile,0.7,187.570611689542,2022-10-12
ARI incidence,NL,2022-10-09,1,quantile,0.75,175.21997044172036,2022-10-12
ARI incidence,NL,2022-10-16,2,quantile,0.75,166.2185050305122,2022-10-12
ARI incidence,NL,2022-10-23,3,quantile,0.75,174.13943174285,2022-10-12
ARI incidence,NL,2022-10-30,4,quantile,0.75,197.6545723571265,2022-10-12
ARI incidence,NL,2022-10-09,1,quantile,0.8,180.4500086844822,2022-10-12
ARI incidence,NL,2022-10-16,2,quantile,0.8,169.41554557868173,2022-10-12
ARI incidence,NL,2022-10-23,3,quantile,0.8,177.54062970095953,2022-10-12
ARI incidence,NL,2022-10-30,4,quantile,0.8,202.14678156539105,2022-10-12
ARI incidence,NL,2022-10-09,1,quantile,0.85,184.9015065886159,2022-10-12
ARI incidence,NL,2022-10-16,2,quantile,0.85,172.73194010337548,2022-10-12
ARI incidence,NL,2022-10-23,3,quantile,0.85,180.67939662286,2022-10-12
ARI incidence,NL,2022-10-30,4,quantile,0.85,205.31273575713323,2022-10-12
ARI incidence,NL,2022-10-09,1,quantile,0.9,196.70363352327016,2022-10-12
ARI incidence,NL,2022-10-16,2,quantile,0.9,193.12186986916836,2022-10-12
ARI incidence,NL,2022-10-23,3,quantile,0.9,185.7363892223869,2022-10-12
ARI incidence,NL,2022-10-30,4,quantile,0.9,208.00014077669252,2022-10-12
ARI incidence,NL,2022-10-09,1,quantile,0.95,219.50123591727325,2022-10-12
ARI incidence,NL,2022-10-16,2,quantile,0.95,238.93479572849515,2022-10-12
ARI incidence,NL,2022-10-23,3,quantile,0.95,203.15099944316975,2022-10-12
ARI incidence,NL,2022-10-30,4,quantile,0.95,245.53283586070683,2022-10-12
ARI incidence,NL,2022-10-09,1,quantile,0.975,232.06353688475437,2022-10-12
ARI incidence,NL,2022-10-16,2,quantile,0.975,276.7115146389824,2022-10-12
ARI incidence,NL,2022-10-23,3,quantile,0.975,214.4455300768897,2022-10-12
ARI incidence,NL,2022-10-30,4,quantile,0.975,264.0850931765586,2022-10-12
ARI incidence,NL,2022-10-09,1,quantile,0.99,242.57272614567745,2022-10-12
ARI incidence,NL,2022-10-16,2,quantile,0.99,327.05973688450445,2022-10-12
ARI incidence,NL,2022-10-23,3,quantile,0.99,216.51798431338113,2022-10-12
ARI incidence,NL,2022-10-30,4,quantile,0.99,370.5827557457924,2022-10-12
ARI incidence,RO,2024-10-20,1,quantile,0.01,369.3077243110151,2024-10-23
ARI incidence,RO,2024-10-27,2,quantile,0.01,444.97669174804366,2024-10-23
ARI incidence,RO,2024-11-03,3,quantile,0.01,141.99055684910084,2024-10-23
ARI incidence,RO,2024-11-10,4,quantile,0.01,349.54155662346585,2024-10-23
ARI incidence,RO,2024-10-20,1,quantile,0.025,504.1772815238867,2024-10-23
ARI incidence,RO,2024-10-27,2,quantile,0.025,598.9658108728787,2024-10-23
ARI incidence,RO,2024-11-03,3,quantile,0.025,208.7083439867865,2024-10-23
ARI incidence,RO,2024-11-10,4,quantile,0.025,424.14050663403196,2024-10-23
ARI incidence,RO,2024-10-20,1,quantile,0.05,639.5372103396297,2024-10-23
ARI incidence,RO,2024-10-27,2,quantile,0.05,755.5328975477396,2024-10-23
ARI incidence,RO,2024-11-03,3,quantile,0.05,440.75787147515433,2024-10-23
ARI incidence,RO,2024-11-10,4,quantile,0.05,526.8342547935385,2024-10-23
ARI incidence,RO,2024-10-20,1,quantile,0.1,703.7651641486158,2024-10-23
ARI incidence,RO,2024-10-27,2,quantile,0.1,797.0499702526921,2024-10-23
ARI incidence,RO,2024-11-03,3,quantile,0.1,556.5452030729182,2024-10-23
ARI incidence,RO,2024-11-10,4,quantile,0.1,582.2878129241028,2024-10-23
ARI incidence,RO,2024-10-20,1,quantile,0.15,789.7449699559961,2024-10-23
ARI incidence,RO,2024-10-27,2,quantile,0.15,832.3256027013515,2024-10-23
ARI incidence,RO,2024-11-03,3,quantile,0.15,672.6045809750034,2024-10-23
ARI incidence,RO,2024-11-10,4,quantile,0.15,640.758573517965,2024-10-23
ARI incidence,RO,2024-10-20,1,quantile,0.2,790.2559147358673,2024-10-23
ARI incidence,RO,2024-10-27,2,quantile,0.2,850.2305789050195,2024-10-23
ARI incidence,RO,2024-11-03,3,quantile,0.2,695.7389757257095,2024-10-23
ARI incidence,RO,2024-11-10,4,quantile,0.2,668.8396127760135,2024-10-23
ARI incidence,RO,2024-10-20,1,quantile,0.25,819.3803938964447,2024-10-23
ARI incidence,RO,2024-10-27,2,quantile,0.25,862.6093577104663,2024-10-23
ARI incidence,RO,2024-11-03,3,quantile,0.25,713.0138439117969,2024-10-23
ARI incidence,RO,2024-11-10,4,quantile,0.25,687.1382418623945,2024-10-23
ARI incidence,RO,2024-10-20,1,quantile,0.3,878.1298427050265,2024-10-23
ARI incidence,RO,2024-10-27,2,quantile,0.3,867.178386067705,2024-10-23
ARI incidence,RO,2024-11-03,3,quantile,0.3,726.0368280571852,2024-10-23
ARI incidence,RO,2024-11-10,4,quantile,0.3,703.7972352839504,2024-10-23
ARI incidence,RO,2024-10-20,1,quantile,0.35,900.7509127670306,2024-10-23
ARI incidence,RO,2024-10-27,2,quantile,0.35,884.5364370122363,2024-10-23
ARI incidence,RO,2024-11-03,3,quantile,0.35,732.1364998829041,2024-10-23
ARI incidence,RO,2024-11-10,4,quantile,0.35,733.0777611923502,2024-10-23
ARI incidence,RO,2024-10-20,1,quantile,0.4,914.3764601284903,2024-10-23
ARI incidence,RO,2024-10-27,2,quantile,0.4,890.6258494807532,2024-10-23
ARI incidence,RO,2024-11-03,3,quantile,0.4,736.5481766400737,2024-10-23
ARI incidence,RO,2024-11-10,4,quantile,0.4,751.4779404141035,2024-10-23
ARI incidence,RO,2024-10-20,1,quantile,0.45,930.4264642240815,2024-10-23
ARI incidence,RO,2024-10-27,2,quantile,0.45,895.6857512321116,2024-10-23
ARI incidence,RO,2024-11-03,3,quantile,0.45,742.2091026835241,2024-10-23
ARI incidence,RO,2024-11-10,4,quantile,0.45,751.6673076355684,2024-10-23
ARI incidence,RO,2024-10-20,1,median,0.5,943.7240302315704,2024-10-23
ARI incidence,RO,2024-10-27,2,median,0.5,898.2561127613978,2024-10-23
ARI incidence,RO,2024-11-03,3,median,0.5,748.2159083497152,2024-10-23
ARI incidence,RO,2024-11-10,4,median,0.5,755.0179962380578,2024-10-23
ARI incidence,RO,2024-10-20,1,quantile,0.55,954.9330187414462,2024-10-23
ARI incidence,RO,2024-10-27,2,quantile,0.55,902.9581280462775,2024-10-23
ARI incidence,RO,2024-11-03,3,quantile,0.55,753.5129469367132,2024-10-23
ARI incidence,RO,2024-11-10,4,quantile,0.55,764.2207775711967,2024-10-23
ARI incidence,RO,2024-10-20,1,quantile,0.6,969.5358263660602,2024-10-23
ARI incidence,RO,2024-10-27,2,quantile,0.6,911.3193914985054,2024-10-23
ARI incidence,RO,2024-11-03,3,quantile,0.6,759.6581910681124,2024-10-23
ARI incidence,RO,2024-11-10,4,quantile,0.6,786.1925546531827,2024-10-23
ARI incidence,RO,2024-10-20,1,quantile,0.65,987.0960014602878,2024-10-23
ARI incidence,RO,2024-10-27,2,quantile,0.65,936.634036616978,2024-10-23
ARI incidence,RO,2024-11-03,3,quantile,0.65,767.9911784449828,2024-10-23
ARI incidence,RO,2024-11-10,4,quantile,0.65,796.554274500084,2024-10-23
ARI incidence,RO,2024-10-20,1,quantile,0.7,1038.1623436883947,2024-10-23
ARI incidence,RO,2024-10-27,2,quantile,0.7,986.8134376812947,2024-10-23
ARI incidence,RO,2024-11-03,3,quantile,0.7,777.5085698944954,2024-10-23
ARI incidence,RO,2024-11-10,4,quantile,0.7,803.5087999072402,2024-10-23
ARI incidence,RO,2024-10-20,1,quantile,0.75,1045.0719838164514,2024-10-23
ARI incidence,RO,2024-10-27,2,quantile,0.75,1018.3950356870132,2024-10-23
ARI incidence,RO,2024-11-03,3,quantile,0.75,789.3411746481095,2024-10-23
ARI incidence,RO,2024-11-10,4,quantile,0.75,811.2422409212686,2024-10-23
ARI incidence,RO,2024-10-20,1,quantile,0.8,1053.799207095742,2024-10-23
ARI incidence,RO,2024-10-27,2,quantile,0.8,1051.239816042664,2024-10-23
ARI incidence,RO,2024-11-03,3,quantile,0.8,804.1594515857128,2024-10-23
ARI incidence,RO,2024-11-10,4,quantile,0.8,819.8516979945556,2024-10-23
ARI incidence,RO,2024-10-20,1,quantile,0.85,1086.688331983795,2024-10-23
ARI incidence,RO,2024-10-27,2,quantile,0.85,1076.8677031859681,2024-10-23
ARI incidence,RO,2024-11-03,3,quantile,0.85,837.7080724767184,2024-10-23
ARI incidence,RO,2024-11-10,4,quantile,0.85,853.7467288549378,2024-10-23
ARI incidence,RO,2024-10-20,1,quantile,0.9,1227.9503033788503,2024-10-23
ARI incidence,RO,2024-10-27,2,quantile,0.9,1111.9887972254203,2024-10-23
ARI incidence,RO,2024-11-03,3,quantile,0.9,1021.7916737113079,2024-10-23
ARI incidence,RO,2024-11-10,4,quantile,0.9,885.165134543991,2024-10-23
ARI incidence,RO,2024-10-20,1,quantile,0.95,1414.011491476124,2024-10-23
ARI incidence,RO,2024-10-27,2,quantile,0.95,1265.4903003222869,2024-10-23
ARI incidence,RO,2024-11-03,3,quantile,0.95,1155.8281480501087,2024-10-23
ARI incidence,RO,2024-11-10,4,quantile,0.95,1014.2266644127292,2024-10-23
ARI incidence,RO,2024-10-20,1,quantile,0.975,1430.8867049090304,2024-10-23
ARI incidence,RO,2024-10-27,2,quantile,0.975,1365.7918142981912,2024-10-23
ARI incidence,RO,2024-11-03,3,quantile,0.975,1260.3002531593277,2024-10-23
ARI incidence,RO,2024-11-10,4,quantile,0.975,1085.0671731879793,2024-10-23
ARI incidence,RO,2024-10-20,1,quantile,0.99,1438.116892131675,2024-10-23
ARI incidence,RO,2024-10-27,2,quantile,0.99,1425.4597462254924,2024-10-23
ARI incidence,RO,2024-11-03,3,quantile,0.99,1483.8813354881754,2024-10-23
ARI incidence,RO,2024-11-10,4,quantile,0.99,1123.1768808416248,2024-10-23
ARI incidence,SK,2023-05-07,1,quantile,0.01,935.5609496966614,2023-05-10
ARI incidence,SK,2023-05-14,2,quantile,0.01,1047.5377809786385,2023-05-10
ARI incidence,SK,2023-05-21,3,quantile,0.01,1160.8027600101577,2023-05-10
ARI incidence,SK,2023-05-28,4,quantile,0.01,1006.51957234762,2023-05-10
ARI incidence,SK,2023-05-07,1,quantile,0.025,971.3662512313441,2023-05-10
ARI incidence,SK,2023-05-14,2,quantile,0.025,1115.0013296924842,2023-05-10
ARI incidence,SK,2023-05-21,3,quantile,0.025,1281.1440137570846,2023-05-10
ARI incidence,SK,2023-05-28,4,quantile,0.025,1270.0411950262633,2023-05-10
ARI incidence,SK,2023-05-07,1,quantile,0.05,1129.425438045185,2023-05-10
ARI incidence,SK,2023-05-14,2,quantile,0.05,1196.344338567015,2023-05-10
ARI incidence,SK,2023-05-21,3,quantile,0.05,1299.0698234718118,2023-05-10
ARI incidence,SK,2023-05-28,4,quantile,0.05,1303.769815785318,2023-05-10
ARI incidence,SK,2023-05-07,1,quantile,0.1,1152.461560461964,2023-05-10
ARI incidence,SK,2023-05-14,2,quantile,0.1,1217.7368801144314,2023-05-10
ARI incidence,SK,2023-05-21,3,quantile,0.1,1338.2058057563538,2023-05-10
ARI incidence,SK,2023-05-28,4,quantile,0.1,1385.0497091228228,2023-05-10
ARI incidence,SK,2023-05-07,1,quantile,0.15,1196.3649048764958,2023-05-10
ARI incidence,SK,2023-05-14,2,quantile,0.15,1244.5787257987308,2023-05-10
ARI incidence,SK,2023-05-21,3,quantile,0.15,1359.9783059508495,2023-05-10
ARI incidence,SK,2023-05-28,4,quantile,0.15,1431.0322879856922,2023-05-10
ARI incidence,SK,2023-05-07,1,quantile,0.2,1214.0375063876793,2023-05-10
ARI incidence,SK,2023-05-14,2,quantile,0.2,1295.3555730657513,2023-05-10
ARI incidence,SK,2023-05-21,3,quantile,0.2,1369.889116918688,2023-05-10
ARI incidence,SK,2023-05-28,4,quantile,0.2,1439.0820308250013,2023-05-10
ARI incidence,SK,2023-05-07,1,quantile,0.25,1219.0099204815251,2023-05-10
ARI incidence,SK,2023-05-14,2,quantile,0.25,1305.5200872658004,2023-05-10
ARI incidence,SK,2023-05-21,3,quantile,0.25,1383.1593090564857,2023-05-10
ARI incidence,SK,2023-05-28,4,quantile,0.25,1454.6969224732234,2023-05-10
ARI incidence,SK,2023-05-07,1,quantile,0.3,1279.9131891624104,2023-05-10
ARI incidence,SK,2023-05-14,2,quantile,0.3,1327.8918906782883,2023-05-10
ARI incidence,SK,2023-05-21,3,quantile,0.3,1393.7944020491716,2023-05-10
ARI incidence,SK,2023-05-28,4,quantile,0.3,1463.0391541677154,2023-05-10
ARI incidence,SK,2023-05-07,1,quantile,0.35,1287.2480983161388,2023-05-10
ARI incidence,SK,2023-05-14,2,quantile,0.35,1340.9744095542383,2023-05-10
ARI incidence,SK,2023-05-21,3,quantile,0.35,1401.3474321953224,2023-05-10
ARI incidence,SK,2023-05-28,4,quantile,0.35,1465.557999845941,2023-05-10
ARI incidence,SK,2023-05-07,1,quantile,0.4,1296.895093720342,2023-05-10
ARI incidence,SK,2023-05-14,2,quantile,0.4,1365.6009543209148,2023-05-10
ARI incidence,SK,2023-05-21,3,quantile,0.4,1409.7776408537343,2023-05-10
ARI incidence,SK,2023-05-28,4,quantile,0.4,1470.1740700537187,2023-05-10
ARI incidence,SK,2023-05-07,1,quantile,0.45,1306.4769016120542,2023-05-10
ARI incidence,SK,2023-05-14,2,quantile,0.45,1386.5692429685273,2023-05-10
ARI incidence,SK,2023-05-21,3,quantile,0.45,1414.577748146972,2023-05-10
ARI incidence,SK,2023-05-28,4,quantile,0.45,1474.3400234740966,2023-05-10
ARI incidence,SK,2023-05-07,1,median,0.5,1312.7561358428575,2023-05-10
ARI incidence,SK,2023-05-14,2,median,0.5,1407.6275377346967,2023-05-10
ARI incidence,SK,2023-05-21,3,median,0.5,1418.2983537314924,2023-05-10
ARI incidence,SK,2023-05-28,4,median,0.5,1488.9734339174624,2023-05-10
ARI incidence,SK,2023-05-07,1,quantile,0.55,1317.7778342276927,2023-05-10
ARI incidence,SK,2023-05-14,2,quantile,0.55,1419.556787683854,2023-05-10
ARI incidence,SK,2023-05-21,3,quantile,0.55,1428.8513957659477,2023-05-10
ARI incidence,SK,2023-05-28,4,quantile,0.55,1502.6783183104217,2023-05-10
ARI incidence,SK,2023-05-07,1,quantile,0.6,1325.9590511100978,2023-05-10
ARI incidence,SK,2023-05-14,2,quantile,0.6,1431.9244794858334,2023-05-10
ARI incidence,SK,2023-05-21,3,quantile,0.6,1440.7221174691356,2023-05-10
ARI incidence,SK,2023-05-28,4,quantile,0.6,1515.8440796215812,2023-05-10
ARI incidence,SK,2023-05-07,1,quantile,0.65,1335.0591595058609,2023-05-10
ARI incidence,SK,2023-05-14,2,quantile,0.65,1441.666909180609,2023-05-10
ARI incidence,SK,2023-05-21,3,quantile,0.65,1453.7296866922518,2023-05-10
ARI incidence,SK,2023-05-28,4,quantile,0.65,1521.704427023988,2023-05-10
ARI incidence,SK,2023-05-07,1,quantile,0.7,1345.2147767143244,2023-05-10
ARI incidence,SK,2023-05-14,2,quantile,0.7,1457.0440908101455,2023-05-10
ARI incidence,SK,2023-05-21,3,quantile,0.7,1466.0416129300559,2023-05-10
ARI incidence,SK,2023-05-28,4,quantile,0.7,1527.997829081028,2023-05-10
ARI incidence,SK,2023-05-07,1,quantile,0.75,1365.185019923291,2023-05-10
ARI incidence,SK,2023-05-14,2,quantile,0.75,1458.238015222323,2023-05-10
ARI incidence,SK,2023-05-21,3,quantile,0.75,1485.6932627369206,2023-05-10
ARI incidence,SK,2023-05-28,4,quantile,0.75,1537.8037901278235,2023-05-10
ARI incidence,SK,2023-05-07,1,quantile,0.8,1379.3003622340987,2023-05-10
ARI incidence,SK,2023-05-14,2,quantile,0.8,1468.533339082709,2023-05-10
ARI incidence,SK,2023-05-21,3,quantile,0.8,1503.5383245790529,2023-05-10
ARI incidence,SK,2023-05-28,4,quantile,0.8,1559.4844021509737,2023-05-10
ARI incidence,SK,2023-05-07,1,quantile,0.85,1387.9809367477496,2023-05-10
ARI incidence,SK,2023-05-14,2,quantile,0.85,1476.7506152504502,2023-05-10
ARI incidence,SK,2023-05-21,3,quantile,0.85,1526.4467546956855,2023-05-10
ARI incidence,SK,2023-05-28,4,quantile,0.85,1600.1056006449032,2023-05-10
ARI incidence,SK,2023-05-07,1,quantile,0.9,1402.8429584406147,2023-05-10
ARI incidence,SK,2023-05-14,2,quantile,0.9,1484.2113445169214,2023-05-10
ARI incidence,SK,2023-05-21,3,quantile,0.9,1593.0458800068816,2023-05-10
ARI incidence,SK,2023-05-28,4,quantile,0.9,1712.3804925517793,2023-05-10
ARI incidence,SK,2023-05-07,1,quantile,0.95,1411.9030447174964,2023-05-10
ARI incidence,SK,2023-05-14,2,quantile,0.95,1495.7948498312473,2023-05-10
ARI incidence,SK,2023-05-21,3,quantile,0.95,1643.5867628981016,2023-05-10
ARI incidence,SK,2023-05-28,4,quantile,0.95,1785.824956170566,2023-05-10
ARI incidence,SK,2023-05-07,1,quantile,0.975,1414.0956799786247,2023-05-10
ARI incidence,SK,2023-05-14,2,quantile,0.975,1513.4079866967738,2023-05-10
ARI incidence,SK,2023-05-21,3,quantile,0.975,1691.9525024454167,2023-05-10
ARI incidence,SK,2023-05-28,4,quantile,0.975,1838.847276151877,2023-05-10
ARI incidence,SK,2023-05-07,1,quantile,0.99,1421.157030433621,2023-05-10
ARI incidence,SK,2023-05-14,2,quantile,0.99,1593.9889917102669,2023-05-10
ARI incidence,SK,2023-05-21,3,quantile,0.99,1720.5508409818706,2023-05-10
ARI incidence,SK,2023-05-28,4,quantile,0.99,1897.4519329295827,2023-05-10
ARI incidence,SI,2024-10-20,1,quantile,0.01,854.2337515942965,2024-10-23
ARI incidence,SI,2024-10-27,2,quantile,0.01,750.8979232347261,2024-10-23
ARI incidence,SI,2024-11-03,3,quantile,0.01,1139.6394079059626,2024-10-23
ARI incidence,SI,2024-11-10,4,quantile,0.01,610.5633183770922,2024-10-23
ARI incidence,SI,2024-10-20,1,quantile,0.025,1191.6508594448562,2024-10-23
ARI incidence,SI,2024-10-27,2,quantile,0.025,1201.1745410261508,2024-10-23
ARI incidence,SI,2024-11-03,3,quantile,0.025,1145.2614131292207,2024-10-23
ARI incidence,SI,2024-11-10,4,quantile,0.025,648.8771939040607,2024-10-23
ARI incidence,SI,2024-10-20,1,quantile,0.05,1218.1495407408104,2024-10-23
ARI incidence,SI,2024-10-27,2,quantile,0.05,1239.3226809974665,2024-10-23
ARI incidence,SI,2024-11-03,3,quantile,0.05,1200.579706542242,2024-10-23
ARI incidence,SI,2024-11-10,4,quantile,0.05,827.544404887851,2024-10-23
ARI incidence,SI,2024-10-20,1,quantile,0.1,1260.445370863879,2024-10-23
ARI incidence,SI,2024-10-27,2,quantile,0.1,1275.1703758883878,2024-10-23
ARI incidence,SI,2024-11-03,3,quantile,0.1,1261.850884459218,2024-10-23
ARI incidence,SI,2024-11-10,4,quantile,0.1,1228.9217708827555,2024-10-23
ARI incidence,SI,2024-10-20,1,quantile,0.15,1280.6015814077641,2024-10-23
ARI incidence,SI,2024-10-27,2,quantile,0.15,1376.1457231178083,2024-10-23
ARI incidence,SI,2024-11-03,3,quantile,0.15,1310.2670681171132,2024-10-23
ARI incidence,SI,2024-11-10,4,quantile,0.15,1345.0034702834566,2024-10-23
ARI incidence,SI,2024-10-20,1,quantile,0.2,1303.4872256770402,2024-10-23
ARI incidence,SI,2024-10-27,2,quantile,0.2,1475.472652188525,2024-10-23
ARI incidence,SI,2024-11-03,3,quantile,0.2,1322.0588989034954,2024-10-23
ARI incidence,SI,2024-11-10,4,quantile,0.2,1362.1334370665513,2024-10-23
ARI incidence,SI,2024-10-20,1,quantile,0.25,1330.4844866180551,2024-10-23
ARI incidence,SI,2024-10-27,2,quantile,0.25,1494.3178838116,2024-10-23
ARI incidence,SI,2024-11-03,3,quantile,0.25,1355.3472043185425,2024-10-23
ARI incidence,SI,2024-11-10,4,quantile,0.25,1389.0353731621374,2024-10-23
ARI incidence,SI,2024-10-20,1,quantile,0.3,1377.5694288019038,2024-10-23
ARI incidence,SI,2024-10-27,2,quantile,0.3,1502.5211115547686,2024-10-23
ARI incidence,SI,2024-11-03,3,quantile,0.3,1413.8578290201397,2024-10-23
ARI incidence,SI,2024-11-10,4,quantile,0.3,1399.357564043385,2024-10-23
ARI incidence,SI,2024-10-20,1,quantile,0.35,1399.4668048839503,2024-10-23
ARI incidence,SI,2024-10-27,2,quantile,0.35,1511.398305975389,2024-10-23
ARI incidence,SI,2024-11-03,3,quantile,0.35,1425.5069932383474,2024-10-23
ARI incidence,SI,2024-11-10,4,quantile,0.35,1402.6394273294875,2024-10-23
ARI incidence,SI,2024-10-20,1,quantile,0.4,1414.4930922370618,2024-10-23
ARI incidence,SI,2024-10-27,2,quantile,0.4,1523.4588449813102,2024-10-23
ARI incidence,SI,2024-11-03,3,quantile,0.4,1466.6427832185273,2024-10-23
ARI incidence,SI,2024-11-10,4,quantile,0.4,1407.291012178695,2024-10-23
ARI incidence,SI,2024-10-20,1,quantile,0.45,1431.0791758733315,2024-10-23
ARI incidence,SI,2024-10-27,2,quantile,0.45,1536.669283976258,2024-10-23
ARI incidence,SI,2024-11-03,3,quantile,0.45,1512.4741900047575,2024-10-23
ARI incidence,SI,2024-11-10,4,quantile,0.45,1411.664399764629,2024-10-23
ARI incidence,SI,2024-10-20,1,median,0.5,1451.806528968399,2024-10-23
ARI incidence,SI,2024-10-27,2,median,0.5,1550.174633651914,2024-10-23
ARI incidence,SI,2024-11-03,3,median,0.5,1525.3936212532694,2024-10-23
ARI incidence,SI,2024-11-10,4,median,0.5,1422.0966798767927,2024-10-23
ARI incidence,SI,2024-10-20,1,quantile,0.55,1469.064315994096,2024-10-23
ARI incidence,SI,2024-10-27,2,quantile,0.55,1562.274787746012,2024-10-23
ARI incidence,SI,2024-11-03,3,quantile,0.55,1528.0476292110511,2024-10-23
ARI incidence,SI,2024-11-10,4,quantile,0.55,1427.0223382721765,2024-10-23
ARI incidence,SI,2024-10-20,1,quantile,0.6,1491.9297691728093,2024-10-23
ARI incidence,SI,2024-10-27,2,quantile,0.6,1574.1015904356775,2024-10-23
ARI incidence,SI,2024-11-03,3,quantile,0.6,1535.62233225014,2024-10-23
ARI incidence,SI,2024-11-10,4,quantile,0.6,1446.6891665611217,2024-10-23
ARI incidence,SI,2024-10-20,1,quantile,0.65,1515.1460249650152,2024-10-23
ARI incidence,SI,2024-10-27,2,quantile,0.65,1587.3064589316411,2024-10-23
ARI incidence,SI,2024-11-03,3,quantile,0.65,1542.4774063480297,2024-10-23
ARI incidence,SI,2024-11-10,4,quantile,0.65,1469.8082882472295,2024-10-23
ARI incidence,SI,2024-10-20,1,quantile,0.7,1551.2905430746587,2024-10-23
ARI incidence,SI,2024-10-27,2,quantile,0.7,1600.5377193646316,2024-10-23
ARI incidence,SI,2024-11-03,3,quantile,0.7,1558.215414457211,2024-10-23
ARI incidence,SI,2024-11-10,4,quantile,0.7,1485.333781031434,2024-10-23
ARI incidence,SI,2024-10-20,1,quantile,0.75,1556.7859007731076,2024-10-23
ARI incidence,SI,2024-10-27,2,quantile,0.75,1613.9843201746733,2024-10-23
ARI incidence,SI,2024-11-03,3,quantile,0.75,1585.8364105686712,2024-10-23
ARI incidence,SI,2024-11-10,4,quantile,0.75,1536.670868625079,2024-10-23
ARI incidence,SI,2024-10-20,1,quantile,0.8,1569.0677804212014,2024-10-23
ARI incidence,SI,2024-10-27,2,quantile,0.8,1634.2044130757035,2024-10-23
ARI incidence,SI,2024-11-03,3,quantile,0.8,1609.6166776177752,2024-10-23
ARI incidence,SI,2024-11-10,4,quantile,0.8,1550.334054538254,2024-10-23
ARI incidence,SI,2024-10-20,1,quantile,0.85,1622.7985101703493,2024-10-23
ARI incidence,SI,2024-10-27,2,quantile,0.85,1665.2626096053255,2024-10-23
ARI incidence,SI,2024-11-03,3,quantile,0.85,1625.0677579379853,2024-10-23
ARI incidence,SI,2024-11-10,4,quantile,0.85,1605.4941798404582,2024-10-23
ARI incidence,SI,2024-10-20,1,quantile,0.9,1702.3929417343495,2024-10-23
ARI incidence,SI,2024-10-27,2,quantile,0.9,1717.8489788318545,2024-10-23
ARI incidence,SI,2024-11-03,3,quantile,0.9,1736.3422154172952,2024-10-23
ARI incidence,SI,2024-11-10,4,quantile,0.9,1669.1041799673014,2024-10-23
ARI incidence,SI,2024-10-20,1,quantile,0.95,1938.8955510087385,2024-10-23
ARI incidence,SI,2024-10-27,2,quantile,0.95,1796.42883759403,2024-10-23
ARI incidence,SI,2024-11-03,3,quantile,0.95,1776.8387016783931,2024-10-23
ARI incidence,SI,2024-11-10,4,quantile,0.95,2178.248002929579,2024-10-23
ARI incidence,SI,2024-10-20,1,quantile,0.975,2001.7573563001183,2024-10-23
ARI incidence,SI,2024-10-27,2,quantile,0.975,1849.9530392140873,2024-10-23
ARI incidence,SI,2024-11-03,3,quantile,0.975,2143.641784355749,2024-10-23
ARI incidence,SI,2024-11-10,4,quantile,0.975,2436.211323869682,2024-10-23
ARI incidence,SI,2024-10-20,1,quantile,0.99,2031.6050866469109,2024-10-23
ARI incidence,SI,2024-10-27,2,quantile,0.99,1867.8226762890292,2024-10-23
ARI incidence,SI,2024-11-03,3,quantile,0.99,2919.388843466851,2024-10-23
ARI incidence,SI,2024-11-10,4,quantile,0.99,2524.210385217639,2024-10-23
